ticker,yahoo_ticker,total_debt,total_assets,accounts_receivable,non_compliant_investments,cash,total_revenue,interest_income,net_income,market_cap,current_price,shares_outstanding,long_business_summary,fetched_at
786,786.KA,,,,0.0,,,0.0,,78754872.0,4.96,15877998.0,"786.KA,0P0000E6T1,600",2026-06-01T09:01:36.650326+00:00
AABS,AABS.KA,,,,0.0,,,0.0,,9424430080.0,542.81,17362300.0,"AABS.KA,0P0000E6P9,1195",2026-06-01T09:01:36.650326+00:00
AAL,AAL.KA,,,,0.0,,,0.0,,,1.51,,"AAL.KA,0P0000AWUF,0",2026-06-01T09:01:36.650326+00:00
AASM,AASM.KA,,,,0.0,,,0.0,,,3.49,,"AASM.KA,0P0000E6NQ,0",2026-06-01T09:01:36.650326+00:00
AATM,AATM.KA,,,,0.0,,,0.0,,1166200832.0,26.25,44426694.0,"AATM.KA,0P0000AJNT,62815",2026-06-01T09:01:36.650326+00:00
ABL,ABL.KA,68770268000.0,3375614109000.0,,0.0,185063502000.0,133153849000.0,297321532000.0,36329401000.0,133103378432.0,116.24,1145073830.0,Allied Bank Limited,2026-06-01T09:01:36.650326+00:00
ABOT,ABOT.KA,329677000.0,46816196000.0,2978853000.0,0.0,13337551000.0,75397732000.0,546000000.0,7966500000.0,70338428928.0,718.47,97900302.0,Abbott Laboratories (Pakistan) Limited,2026-06-01T09:01:36.650326+00:00
ABSON,ABSON.KA,,,,0.0,,,0.0,,,,,,2026-06-01T09:01:36.650326+00:00
ACPL,ACPL.KA,4806612000.0,50421714000.0,812385000.0,0.0,1038192000.0,33309080000.0,85137000.0,1731091000.0,13311175680.0,96.86,137426961.0,Attock Cement Pakistan Limited,2026-06-01T09:01:36.650326+00:00
ADAMS,ADAMS.KA,,,,0.0,,,0.0,,864720960.0,50.01,17290962.0,"ADAMS.KA,0P0000B3RU,14541",2026-06-01T09:01:36.650326+00:00
ADMM,ADMM.KA,,,,0.0,,,0.0,,3429720064.0,40.83,84000000.0,"ADMM.KA,0P0000B5BB,19906",2026-06-01T09:01:36.650326+00:00
ADOS,ADOS.KA,,,,0.0,,,0.0,,,,,,2026-06-01T09:01:36.650326+00:00
ADTM,ADTM.KA,,,,0.0,,,0.0,,,,,,2026-06-01T09:01:36.650326+00:00
AEL,AEL.KA,,,,0.0,,,0.0,,,,,,2026-06-01T09:01:36.650326+00:00
AGHA,AGHA.KA,0.0,59987317000.0,3237512000.0,0.0,239134000.0,13691815000.0,95207000.0,-5088565000.0,5710057984.0,9.44,604879058.0,"AGHA.KA,0P0001L1KG,216688",2026-06-01T09:01:36.650326+00:00
AGIC,AGIC.KA,,,,0.0,,,0.0,,2011239808.0,19.98,100662653.0,"AGIC.KA,0P0000AT2X,17553",2026-06-01T09:01:36.650326+00:00
AGIL,AGIL.KA,329351000.0,9654576000.0,1289047000.0,0.0,29776000.0,11863435000.0,24315000.0,238324000.0,3445920000.0,95.72,36000000.0,Agriauto Industries Limited,2026-06-01T09:01:36.650326+00:00
AGL,AGL.KA,248380340.0,92843646153.0,986881202.0,0.0,132204892.0,35880378746.0,306330489.0,2894835434.0,13542433792.0,22.95,590084224.0,"AGL.KA,0P0000NQR4,4929634",2026-06-01T09:01:36.650326+00:00
AGLNCPS,AGLNCPS.KA,248380340.0,92843646153.0,986881202.0,0.0,132204892.0,35880378746.0,306330489.0,2894835434.0,,19.52,,"AGLNCPS.KA,0P0000VTX4,1",2026-06-01T09:01:36.650326+00:00
AGP,AGP.KA,5405869000.0,32039870000.0,2499101000.0,0.0,1105332000.0,28889765000.0,62527000.0,3735178000.0,26656000000.0,95.2,280000000.0,AGP Limited,2026-06-01T09:01:36.650326+00:00
AGSML,AGSML.KA,,,,0.0,,,0.0,,396308320.0,5.0,79261666.0,"AGSML.KA,0P0000E6SQ,54000",2026-06-01T09:01:36.650326+00:00
AGTL,AGTL.KA,170992000.0,18894282000.0,2756582000.0,0.0,1448824000.0,20371056000.0,34958000.0,1300813000.0,19990693888.0,344.88,57964201.0,Al-Ghazi Tractors Limited,2026-06-01T09:01:36.650326+00:00
AHCL,AHCL.KA,6083035783.0,65042416012.0,5645333519.0,0.0,609944029.0,9958775201.0,32144885.0,7820182695.0,223499272192.0,53.0,4216967470.0,Arif Habib Corporation Limited,2026-06-01T09:01:36.650326+00:00
AHL,AHL.KA,,,,0.0,,,0.0,,3836764928.0,58.72,65340000.0,"AHL.KA,0P0000C0VS,31394",2026-06-01T09:01:36.650326+00:00
AHTM,AHTM.KA,,,,0.0,,,0.0,,465934432.0,55.0,8471535.0,"AHTM.KA,0P0000BL8E,1020",2026-06-01T09:01:36.650326+00:00
AICL,AICL.KA,1011650000.0,264707553000.0,7558502000.0,0.0,12301207000.0,104133755000.0,6314626000.0,5574375000.0,12992000000.0,37.12,350000000.0,Adamjee Insurance Company Limited,2026-06-01T09:01:36.650326+00:00
AIRLINK,AIRLINK.KA,1609175638.0,40518217660.0,3527099204.0,0.0,2288039864.0,129742418267.0,0.0,4625498105.0,43839311872.0,110.91,395269231.0,"AIRLINK.KA,0P0001NDTV,13683532",2026-06-01T09:01:36.650326+00:00
AKBL,AKBL.KA,194182665000.0,2897489834000.0,,0.0,123977215000.0,104424760000.0,301016908000.0,22860812000.0,39739785216.0,27.42,1449299207.0,Askari Bank Limited,2026-06-01T09:01:36.650326+00:00
AKDCL,AKDCL.KA,,,,0.0,,,0.0,,,,,,2026-06-01T09:01:36.650326+00:00
AKDHL,AKDHL.KA,,,,0.0,,,0.0,,379104544.0,151.19,2507471.0,"AKDHL.KA,0P0000B45H,3064",2026-06-01T09:01:36.650326+00:00
AKDSL,AKDSL.KA,0.0,20044938189.0,470825760.0,0.0,1567571441.0,3505760372.0,0.0,3156335624.0,9248890880.0,16.58,557834171.0,"AKDSL.KA,0P0001PILS,1033950",2026-06-01T09:01:36.650326+00:00
AKGL,AKGL.KA,,,,0.0,,,0.0,,350000000.0,35.0,10000000.0,Al-Khair Gadoon Limited,2026-06-01T09:01:36.650326+00:00
AKZO,AKZO.KA,,,,0.0,,,0.0,,,,,,2026-06-01T09:01:36.650326+00:00
ALAC,ALAC.KA,,,,0.0,,,0.0,,707310208.0,4.71,150172014.0,"ALAC.KA,0P0000CKQ8,5005",2026-06-01T09:01:36.650326+00:00
ALIFE,ALIFE.KA,,,,0.0,,,0.0,,10153499648.0,38.68,262500000.0,"ALIFE.KA,0P0001OMOD,5107",2026-06-01T09:01:36.650326+00:00
ALNRS,ALNRS.KA,,,,0.0,,,0.0,,1822159488.0,89.0,20473702.0,"ALNRS.KA,0P0000E6TI,550",2026-06-01T09:01:36.650326+00:00
ALQT,ALQT.KA,,,,0.0,,,0.0,,,,,,2026-06-01T09:01:36.650326+00:00
ALTN,ALTN.KA,0.0,32170634000.0,14229704000.0,0.0,552078000.0,9602464000.0,778241000.0,3085244000.0,8412247040.0,23.15,363380000.0,Altern Energy Limited,2026-06-01T09:01:36.650326+00:00
AMBL,AMBL.KA,,,,0.0,,,0.0,,5143529472.0,11.99,428984962.0,"AMBL.KA,0P0000CI91,501",2026-06-01T09:01:36.650326+00:00
AMSL,AMSL.KA,,,,0.0,,,0.0,,,,,,2026-06-01T09:01:36.650326+00:00
AMTEX,AMTEX.KA,,,,0.0,,,0.0,,638198144.0,2.46,259430134.0,"AMTEX.KA,0P0000NR5M,1902538",2026-06-01T09:01:36.650326+00:00
ANL,ANL.KA,,,,0.0,,,0.0,,3459282176.0,7.04,485409731.0,"ANL.KA,0P0000EPBJ,464084",2026-06-01T09:01:36.650326+00:00
ANNT,ANNT.KA,,,,0.0,,,0.0,,,13.0,,"ANNT.KA,0P0000B79F,0",2026-06-01T09:01:36.650326+00:00
ANSM,ANSM.KA,,,,0.0,,,0.0,,326153376.0,5.81,56136555.0,Ansari Sugar Mills Limited,2026-06-01T09:01:36.650326+00:00
ANTM,ANTM.KA,,,,0.0,,,0.0,,94281600.0,9.76,9660000.0,"ANTM.KA,0P0000C7WQ,0",2026-06-01T09:01:36.650326+00:00
APL,APL.KA,0.0,105279116000.0,7646562000.0,0.0,2568995000.0,526316756000.0,931884000.0,13821630000.0,50964525056.0,409.63,124416000.0,Attock Petroleum Limited,2026-06-01T09:01:36.650326+00:00
APOT,APOT.KA,,,,0.0,,,0.0,,,41.0,,"APOT.KA,0P0000BR79,0",2026-06-01T09:01:36.650326+00:00
AQTM,AQTM.KA,,,,0.0,,,0.0,,,,,,2026-06-01T09:01:36.650326+00:00
ARCTM,ARCTM.KA,,,,0.0,,,0.0,,268897664.0,20.41,13174800.0,"ARCTM.KA,0P0000BLA5,298162",2026-06-01T09:01:36.650326+00:00
ARM,ARM.KA,,,,0.0,,,0.0,,,,,,2026-06-01T09:01:36.650326+00:00
ARMG,ARMG.KA,,,,0.0,,,0.0,,,,,,2026-06-01T09:01:36.650326+00:00
ARPAK,ARPAK.KA,,,,0.0,,,0.0,,209120000.0,52.28,4000000.0,"ARPAK.KA,0P0000AMZ0,0",2026-06-01T09:01:36.650326+00:00
ARPL,ARPL.KA,243698000.0,15727740000.0,5700521000.0,0.0,985207000.0,27406657000.0,0.0,1176961000.0,10704611328.0,309.71,34563341.0,"ARPL.KA,0P0000CFAF,21562",2026-06-01T09:01:36.650326+00:00
ARUJ,ARUJ.KA,,,,0.0,,,0.0,,379726048.0,36.31,10457890.0,Aruj Industries Limited,2026-06-01T09:01:36.650326+00:00
ASC,ASC.KA,,,,0.0,,,0.0,,2770684928.0,7.39,374923537.0,Al Shaheer Corporation Limited,2026-06-01T09:01:36.650326+00:00
ASCR1,ASCR1.KA,,,,0.0,,,0.0,,,,,,2026-06-01T09:01:36.650326+00:00
ASHT,ASHT.KA,,,,0.0,,,0.0,,566696512.0,12.17,46565035.0,"ASHT.KA,0P0000BIV8,3295",2026-06-01T09:01:36.650326+00:00
ASIC,ASIC.KA,,,,0.0,,,0.0,,967359168.0,13.25,73008243.0,"ASIC.KA,0P0000AOI0,0",2026-06-01T09:01:36.650326+00:00
ASL,ASL.KA,572133000.0,40597158000.0,2119533000.0,0.0,217072000.0,42749652000.0,269673000.0,-132470000.0,6621713408.0,7.12,930015957.0,Aisha Steel Mills Limited,2026-06-01T09:01:36.650326+00:00
ASLPS,ASLPS.KA,572133000.0,40597158000.0,2119533000.0,0.0,217072000.0,42749652000.0,269673000.0,-132470000.0,,9.0,,"ASLPS.KA,0P0000WMJR,0",2026-06-01T09:01:36.650326+00:00
ASRL,ASRL.KA,,,,0.0,,,0.0,,,,,,2026-06-01T09:01:36.650326+00:00
ASTL,ASTL.KA,124922000.0,46839908000.0,2349962000.0,0.0,195444000.0,38775737000.0,1825000.0,-6106723000.0,7152034816.0,24.08,297011427.0,Amreli Steels Limited,2026-06-01T09:01:36.650326+00:00
ASTM,ASTM.KA,,,,0.0,,,0.0,,168616464.0,11.11,15177000.0,"ASTM.KA,0P0000CIAU,9064",2026-06-01T09:01:36.650326+00:00
ATBA,ATBA.KA,1272179000.0,18908846000.0,2607512000.0,0.0,1028210000.0,35201281000.0,0.0,91205000.0,14917606400.0,426.01,35017033.0,"ATBA.KA,0P0000BX0N,264890",2026-06-01T09:01:36.650326+00:00
ATIL,ATIL.KA,,,,0.0,,,0.0,,6163396608.0,41.25,149415675.0,"ATIL.KA,0P0000E6U1,54502",2026-06-01T09:01:36.650326+00:00
ATLH,ATLH.KA,0.0,87341629000.0,2506086000.0,0.0,30099343000.0,203894438000.0,671792000.0,15251615000.0,77167804416.0,621.88,124087935.0,Atlas Honda Limited,2026-06-01T09:01:36.650326+00:00
ATRL,ATRL.KA,0.0,229840986000.0,37036362000.0,0.0,32370491000.0,383071910000.0,14773977000.0,25049738000.0,37006499840.0,347.1,106616250.0,Attock Refinery Limited,2026-06-01T09:01:36.650326+00:00
AVN,AVN.KA,208623000.0,28162524000.0,8513544000.0,0.0,756748000.0,16156098000.0,9751000.0,2008811000.0,28630872064.0,67.78,422408878.0,"AVN.KA,0P00011X4M,9616486",2026-06-01T09:01:36.650326+00:00
AWTX,AWTX.KA,,,,0.0,,,0.0,,1004000000.0,1255.0,800000.0,"AWTX.KA,0P0000C934,0",2026-06-01T09:01:36.650326+00:00
AWWAL,AWWAL.KA,,,,0.0,,,0.0,,,,,,2026-06-01T09:01:36.650326+00:00
AYTM,AYTM.KA,,,,0.0,,,0.0,,,,,,2026-06-01T09:01:36.650326+00:00
AYZT,AYZT.KA,,,,0.0,,,0.0,,,,,,2026-06-01T09:01:36.650326+00:00
AZMT,AZMT.KA,,,,0.0,,,0.0,,,,,,2026-06-01T09:01:36.650326+00:00
AZTM,AZTM.KA,,,,0.0,,,0.0,,,,,,2026-06-01T09:01:36.650326+00:00
BAFL,BAFL.KA,81124557000.0,3835085168000.0,,0.0,251692628000.0,180583427000.0,356951918000.0,27802210000.0,205063012352.0,65.01,3154330238.0,Bank Alfalah Limited,2026-06-01T09:01:36.650326+00:00
BAFS,BAFS.KA,,,,0.0,,,0.0,,559534464.0,59.21,9450000.0,"BAFS.KA,0P0000AUNG,0",2026-06-01T09:01:36.650326+00:00
BAHL,BAHL.KA,62725683000.0,3309509502000.0,,0.0,197616105000.0,161609282000.0,337428319000.0,32442552000.0,124101763072.0,111.66,1111425416.0,Bank AL Habib Limited,2026-06-01T09:01:36.650326+00:00
BAPL,BAPL.KA,,,,0.0,,,0.0,,202567792.0,27.0,7502510.0,"BAPL.KA,0P0000AXKD,4313",2026-06-01T09:01:36.650326+00:00
BATA,BATA.KA,0.0,13585445000.0,370521000.0,0.0,983747000.0,17730513000.0,16269000.0,-2385054000.0,13456799744.0,1780.0,7560000.0,Bata Pakistan Limited,2026-06-01T09:01:36.650326+00:00
BBFL,BBFL.KA,,,,0.0,,,0.0,,,,,,2026-06-01T09:01:36.650326+00:00
BCL,BCL.KA,,,,0.0,,,0.0,,1497968256.0,130.57,11472529.0,"BCL.KA,0P0000CAQ5,19724",2026-06-01T09:01:36.650326+00:00
BCML,BCML.KA,,,,0.0,,,0.0,,,,,,2026-06-01T09:01:36.650326+00:00
BECO,BECO.KA,,,,0.0,,,0.0,,7772667904.0,6.22,1249625100.0,"BECO.KA,0P0000BCMS,5556",2026-06-01T09:01:36.650326+00:00
BEEM,BEEM.KA,,,,0.0,,,0.0,,,,,,2026-06-01T09:01:36.650326+00:00
BELA,BELA.KA,,,,0.0,,,0.0,,651281984.0,112.29,5800000.0,Bela Automotives Ltd.,2026-06-01T09:01:36.650326+00:00
BERG,BERG.KA,,,,0.0,,,0.0,,2119786496.0,86.34,24551615.0,Berger Paints Pakistan Limited,2026-06-01T09:01:36.650326+00:00
BFAGRO,BFAGRO.KA,,,,0.0,,,0.0,,,,,,2026-06-01T09:01:36.650326+00:00
BFBIO,BFBIO.KA,,,,0.0,,,0.0,,,,,,2026-06-01T09:01:36.650326+00:00
BFMOD,BFMOD.KA,,,,0.0,,,0.0,,56363684.0,7.5,7515158.0,"BFMOD.KA,0P0000BY9P,64020",2026-06-01T09:01:36.650326+00:00
BGL,BGL.KA,,,,0.0,,,0.0,,8294271488.0,12.99,638512057.0,"BGL.KA,0P0000BV69,1904916",2026-06-01T09:01:36.650326+00:00
BHAT,BHAT.KA,,,,0.0,,,0.0,,3193012224.0,1050.0,3040964.0,"BHAT.KA,0P0000AGQV,0",2026-06-01T09:01:36.650326+00:00
BIFO,BIFO.KA,,,,0.0,,,0.0,,5137346560.0,110.76,46382688.0,"BIFO.KA,0P0000BELB,31238",2026-06-01T09:01:36.650326+00:00
BIIC,BIIC.KA,,,,0.0,,,0.0,,,,,,2026-06-01T09:01:36.650326+00:00
BILF,BILF.KA,,,,0.0,,,0.0,,33558000.0,2.38,14100000.0,Zuma Resources Limited,2026-06-01T09:01:36.650326+00:00
BIPL,BIPL.KA,25519398000.0,770085975000.0,,0.0,72890723000.0,44098959000.0,0.0,6004675000.0,24568866816.0,22.16,1108703299.0,BankIslami Pakistan Limited,2026-06-01T09:01:36.650326+00:00
BIPLS,BIPLS.KA,,,,0.0,,,0.0,,,,100000000.0,BIPL Securities Limited,2026-06-01T09:01:36.650326+00:00
BLUEX,BLUEX.KA,,,,0.0,,,0.0,,,,,,2026-06-01T09:01:36.650326+00:00
BML,BML.KA,,,,0.0,,,0.0,,,,,,2026-06-01T09:01:36.650326+00:00
BNL,BNL.KA,,,,0.0,,,0.0,,8684684288.0,13.0,668052700.0,"BNL.KA,0P0000AZJU,57681",2026-06-01T09:01:36.650326+00:00
BNWM,BNWM.KA,,,,0.0,,,0.0,,251440320.0,26.45,9506250.0,"BNWM.KA,0P0000AW5N,4316",2026-06-01T09:01:36.650326+00:00
BOK,BOK.KA,18006132000.0,453299614000.0,,0.0,29858937000.0,22976320000.0,52234407000.0,5815763000.0,14879477760.0,12.85,1157935989.0,The Bank of Khyber,2026-06-01T09:01:36.650326+00:00
BOP,BOP.KA,94852930000.0,2950739786000.0,,0.0,182602270000.0,93878479000.0,266388664000.0,15393957000.0,17175739392.0,5.25,3271569319.0,The Bank of Punjab,2026-06-01T09:01:36.650326+00:00
BPBL,BPBL.KA,,,,0.0,,,0.0,,,,,,2026-06-01T09:01:36.650326+00:00
BPL,BPL.KA,,,,0.0,,,0.0,,532312032.0,23.67,22488890.0,"BPL.KA,0P0000C32B,7475",2026-06-01T09:01:36.650326+00:00
BROT,BROT.KA,,,,0.0,,,0.0,,,,,,2026-06-01T09:01:36.650326+00:00
BRR,BRR.KA,,,,0.0,,,0.0,,,,,,2026-06-01T09:01:36.650326+00:00
BRRG,BRRG.KA,,,,0.0,,,0.0,,,,,,2026-06-01T09:01:36.650326+00:00
BTL,BTL.KA,,,,0.0,,,0.0,,1683254528.0,261.7,6432000.0,"BTL.KA,0P0000BTYL,0",2026-06-01T09:01:36.650326+00:00
BUXL,BUXL.KA,,,,0.0,,,0.0,,247291200.0,171.73,1440000.0,Buxly Paints Limited,2026-06-01T09:01:36.650326+00:00
BWCL,BWCL.KA,29793869000.0,275490698000.0,1308246000.0,0.0,1187558000.0,107758553000.0,32212000.0,23864368000.0,140202885120.0,235.14,596252783.0,Bestway Cement Limited,2026-06-01T09:01:36.650326+00:00
BWHL,BWHL.KA,,,,0.0,,,0.0,,1596776576.0,119.75,13334250.0,"BWHL.KA,0P0000BFG0,7293",2026-06-01T09:01:36.650326+00:00
BYCO,BYCO.KA,,,,0.0,,,0.0,,,,,,2026-06-01T09:01:36.650326+00:00
CASH,CASH.KA,,,,0.0,,,0.0,,324266400.0,30.18,10744413.0,Arm Green Industries Ltd,2026-06-01T09:01:36.650326+00:00
CCM,CCM.KA,,,,0.0,,,0.0,,2144554368.0,94.64,22660126.0,"CCM.KA,0P0000AWWV,10",2026-06-01T09:01:36.650326+00:00
CECL,CECL.KA,,,,0.0,,,0.0,,,,,,2026-06-01T09:01:36.650326+00:00
CENI,CENI.KA,,,,0.0,,,0.0,,1383162112.0,25.0,55326484.0,"CENI.KA,0P0000CC0I,16",2026-06-01T09:01:36.650326+00:00
CEPB,CEPB.KA,3741044000.0,29536931000.0,5086269000.0,0.0,401725000.0,42015480000.0,57069000.0,523893000.0,12240192512.0,30.47,401712926.0,Century Paper & Board Mills Limited,2026-06-01T09:01:36.650326+00:00
CFL,CFL.KA,,,,0.0,,,0.0,,732654656.0,59.0,12417876.0,"CFL.KA,0P0000BOOR,1",2026-06-01T09:01:36.650326+00:00
CHAS,CHAS.KA,,,,0.0,,,0.0,,2052912640.0,71.55,28692000.0,"CHAS.KA,0P0000ARIN,50",2026-06-01T09:01:36.650326+00:00
CHBL,CHBL.KA,,,,0.0,,,0.0,,330049984.0,2.87,115000000.0,"CHBL.KA,0P0000B0ES,465793",2026-06-01T09:01:36.650326+00:00
CHCC,CHCC.KA,2528191000.0,50553551000.0,1257631000.0,0.0,672667000.0,37810806000.0,45044000.0,8681356000.0,32433670144.0,166.93,194295038.0,Cherat Cement Company Limited,2026-06-01T09:01:36.650326+00:00
CJPL,CJPL.KA,,,,0.0,,,0.0,,65587172.0,2.76,23763468.0,"CJPL.KA,0P0000ARYM,64986",2026-06-01T09:01:36.650326+00:00
CLCPS,CLCPS.KA,,,,0.0,,,0.0,,,1.54,,"CLCPS.KA,0P0000AH1V,344820",2026-06-01T09:01:36.650326+00:00
CLOUD,CLOUD.KA,,,,0.0,,,0.0,,,,,,2026-06-01T09:01:36.650326+00:00
CLOV,CLOV.KA,,,,0.0,,,0.0,,16754966528.0,43.04,389288240.0,"CLOV.KA,0P0000BHE4,75049",2026-06-01T09:01:36.650326+00:00
CLVL,CLVL.KA,,,,0.0,,,0.0,,1168104320.0,16.2,72105200.0,"CLVL.KA,0P0000BIFP,544492",2026-06-01T09:01:36.650326+00:00
CNERGY,CNERGY.KA,14440000000.0,385850266000.0,5608672000.0,0.0,2401326000.0,240626169000.0,946573000.0,185437000.0,20435625984.0,3.72,5493447571.0,"CNERGY.KA,0P0000AN57,1980268",2026-06-01T09:01:36.650326+00:00
COLG,COLG.KA,528553000.0,56820747000.0,1612412000.0,0.0,4857989000.0,116000701000.0,656822000.0,18397273000.0,286479745024.0,1180.03,242773272.0,Colgate-Palmolive (Pakistan) Limited,2026-06-01T09:01:36.650326+00:00
COST,COST.KA,,,,0.0,,,0.0,,,,,,2026-06-01T09:01:36.650326+00:00
COTT,COTT.KA,,,,0.0,,,0.0,,,,,,2026-06-01T09:01:36.650326+00:00
CPAL,CPAL.KA,,,,0.0,,,0.0,,,,10744400.0,Capital Assets Leasing Corporation Limited,2026-06-01T09:01:36.650326+00:00
CPHL,CPHL.KA,,,,0.0,,,0.0,,6741890048.0,29.51,228461200.0,"CPHL.KA,0P0001MWFA,650942",2026-06-01T09:01:36.650326+00:00
CPPL,CPPL.KA,,,,0.0,,,0.0,,5695065600.0,116.0,49095393.0,Cherat Packaging Limited,2026-06-01T09:01:36.650326+00:00
CRTM,CRTM.KA,,,,0.0,,,0.0,,1350000000.0,13.5,100000000.0,The Crescent Textile Mills Limited,2026-06-01T09:01:36.650326+00:00
CSAP,CSAP.KA,157163000.0,11672263000.0,1472246000.0,0.0,336689000.0,8870148000.0,31860000.0,1271658000.0,4116074496.0,53.02,77632491.0,Crescent Steel and Allied Products Limited,2026-06-01T09:01:36.650326+00:00
CSIL,CSIL.KA,,,,0.0,,,0.0,,349456704.0,2.63,132873260.0,"CSIL.KA,0P0000BD02,260733",2026-06-01T09:01:36.650326+00:00
CSM,CSM.KA,,,,0.0,,,0.0,,,,,,2026-06-01T09:01:36.650326+00:00
CTM,CTM.KA,,,,0.0,,,0.0,,1424251264.0,2.86,497989959.0,"CTM.KA,0P00013OS0,56185",2026-06-01T09:01:36.650326+00:00
CWSM,CWSM.KA,,,,0.0,,,0.0,,4689193984.0,38.57,121576200.0,Quantum Data Technologies Limited,2026-06-01T09:01:36.650326+00:00
CYAN,CYAN.KA,,,,0.0,,,0.0,,1596843264.0,25.94,61559108.0,CYAN Ltd,2026-06-01T09:01:36.650326+00:00
DAAG,DAAG.KA,,,,0.0,,,0.0,,974920000.0,243.73,4000000.0,"DAAG.KA,0P0000AG7Z,108",2026-06-01T09:01:36.650326+00:00
DADX,DADX.KA,,,,0.0,,,0.0,,541319552.0,50.29,10763959.0,"DADX.KA,0P0000CCAG,153814",2026-06-01T09:01:36.650326+00:00
DATM,DATM.KA,,,,0.0,,,0.0,,,,,,2026-06-01T09:01:36.650326+00:00
DAWH,DAWH.KA,234355320000.0,1083347176000.0,71192485000.0,0.0,35592668000.0,598360012000.0,9063434000.0,55632618000.0,75898961920.0,157.7,481287008.0,Engro Holding Limited,2026-06-01T09:01:36.650326+00:00
DBCI,DBCI.KA,,253302000.0,,0.0,116939000.0,0.0,23411000.0,4873000.0,463676832.0,4.72,98236624.0,"DBCI.KA,0P0000AGO6,147101",2026-06-01T09:01:36.650326+00:00
DBSL,DBSL.KA,,,,0.0,,,0.0,,,,,,2026-06-01T09:01:36.650326+00:00
DCL,DCL.KA,,,,0.0,,,0.0,,3839018752.0,7.93,484113343.0,"DCL.KA,0P0000EDG0,2816658",2026-06-01T09:01:36.650326+00:00
DCM,DCM.KA,,,,0.0,,,0.0,,,,,,2026-06-01T09:01:36.650326+00:00
DCR,DCR.KA,,74054969000.0,99100000.0,0.0,1790620000.0,5158597000.0,328051000.0,8140055000.0,36757762048.0,16.53,2223700000.0,Dolmen City REIT,2026-06-01T09:01:36.650326+00:00
DCTL,DCTL.KA,,,,0.0,,,0.0,,,0.08,,"DCTL.KA,0P0000C7Y5,0",2026-06-01T09:01:36.650326+00:00
DEL,DEL.KA,,,,0.0,,,0.0,,140250000.0,5.1,27500000.0,"DEL.KA,0P0000JDED,5400",2026-06-01T09:01:36.650326+00:00
DFML,DFML.KA,,,,0.0,,,0.0,,5586868736.0,40.27,138735242.0,"DFML.KA,0P0000BAFR,5065894",2026-06-01T09:01:36.650326+00:00
DFSM,DFSM.KA,,,,0.0,,,0.0,,326487424.0,3.34,97750726.0,"DFSM.KA,0P0000C966,206418",2026-06-01T09:01:36.650326+00:00
DGKC,DGKC.KA,17435308000.0,147831935000.0,956035000.0,0.0,972747000.0,71888079000.0,72644000.0,620898000.0,38554480640.0,88.0,438119118.0,D.G. Khan Cement Company Limited,2026-06-01T09:01:36.650326+00:00
DHPL,DHPL.KA,,,,0.0,,,0.0,,,,,,2026-06-01T09:01:36.650326+00:00
DIIL,DIIL.KA,,,,0.0,,,0.0,,225270000.0,25.03,9000000.0,"DIIL.KA,0P0000BDA9,0",2026-06-01T09:01:36.650326+00:00
DINT,DINT.KA,,,,0.0,,,0.0,,3416634880.0,65.12,52466749.0,"DINT.KA,0P0000CEYR,0",2026-06-01T09:01:36.650326+00:00
DKL,DKL.KA,,,,0.0,,,0.0,,,,,,2026-06-01T09:01:36.650326+00:00
DKTM,DKTM.KA,,,,0.0,,,0.0,,,0.94,,"DKTM.KA,0P0000BKIG,0",2026-06-01T09:01:36.650326+00:00
DLL,DLL.KA,0.0,43466629000.0,705495000.0,0.0,1489663000.0,7133513000.0,429305000.0,8673696000.0,14864683008.0,250.67,59299809.0,"DLL.KA,0P0000CGEF,314",2026-06-01T09:01:36.650326+00:00
DMC,DMC.KA,,,,0.0,,,0.0,,,,,,2026-06-01T09:01:36.650326+00:00
DMIL,DMIL.KA,,,,0.0,,,0.0,,,,,,2026-06-01T09:01:36.650326+00:00
DMTM,DMTM.KA,,,,0.0,,,0.0,,81042808.0,7.01,11561028.0,"DMTM.KA,0P0000CGGC,3103",2026-06-01T09:01:36.650326+00:00
DMTX,DMTX.KA,,,,0.0,,,0.0,,142579008.0,46.71,3052430.0,D.M. Corporation Limited,2026-06-01T09:01:36.650326+00:00
DNCC,DNCC.KA,,,,0.0,,,0.0,,4160069888.0,13.15,316355132.0,"DNCC.KA,0P0000C5WI,1803",2026-06-01T09:01:36.650326+00:00
DOL,DOL.KA,,,,0.0,,,0.0,,3551380992.0,20.29,175031084.0,Descon Oxychem Limited,2026-06-01T09:01:36.650326+00:00
DOLCPS,DOLCPS.KA,,,,0.0,,,0.0,,,,,,2026-06-01T09:01:36.650326+00:00
DSFL,DSFL.KA,,,,0.0,,,0.0,,322362464.0,0.88,366320992.0,Dewan Salman Fibre Limited,2026-06-01T09:01:36.650326+00:00
DSIL,DSIL.KA,,,,0.0,,,0.0,,276162592.0,3.3,83685631.0,"DSIL.KA,0P0000AMYH,196345",2026-06-01T09:01:36.650326+00:00
DSL,DSL.KA,,,,0.0,,,0.0,,2281288448.0,5.13,444695577.0,"DSL.KA,0P0000CLO3,372023",2026-06-01T09:01:36.650326+00:00
DSML,DSML.KA,,,,0.0,,,0.0,,6584119808.0,29.3,224500000.0,"DSML.KA,0P0000ATZL,6013",2026-06-01T09:01:36.650326+00:00
DWAE,DWAE.KA,,,,0.0,,,0.0,,1912731904.0,89.38,21400000.0,Dewan Automotive Engineering Limited,2026-06-01T09:01:36.650326+00:00
DWSM,DWSM.KA,,,,0.0,,,0.0,,415464448.0,4.54,91511992.0,"DWSM.KA,0P0000BJ0C,144815",2026-06-01T09:01:36.650326+00:00
DWTM,DWTM.KA,,,,0.0,,,0.0,,324755488.0,7.05,46064609.0,"DWTM.KA,0P0000B5SY,3789",2026-06-01T09:01:36.650326+00:00
DYNO,DYNO.KA,,,,0.0,,,0.0,,4500126720.0,238.45,18872413.0,"DYNO.KA,0P0000BVQI,18350",2026-06-01T09:01:36.650326+00:00
ECOP,ECOP.KA,,,,0.0,,,0.0,,657279616.0,13.62,48258417.0,EcoPack Limited,2026-06-01T09:01:36.650326+00:00
EFERT,EFERT.KA,29445959000.0,199166075000.0,16845896000.0,0.0,8042747000.0,237130786000.0,802361000.0,22628044000.0,226707111936.0,169.78,1335299375.0,Engro Fertilizers Limited,2026-06-01T09:01:36.650326+00:00
EFGH,EFGH.KA,,,,0.0,,,0.0,,3527777280.0,27.4,128751000.0,"EFGH.KA,0P0000JDE7,500",2026-06-01T09:01:36.650326+00:00
EFOODS,EFOODS.KA,969774000.0,37510638000.0,1557223000.0,0.0,1205438000.0,104452438000.0,134414000.0,2690648000.0,,,,Frieslandcampina Engro Pakistan Limited,2026-06-01T09:01:36.650326+00:00
EFUG,EFUG.KA,1151566000.0,380078560000.0,9847378000.0,0.0,7985510000.0,125826782000.0,4782861000.0,5648061000.0,17386000384.0,86.93,200000000.0,EFU General Insurance Limited,2026-06-01T09:01:36.650326+00:00
EFUL,EFUL.KA,747344000.0,298012263000.0,3084522000.0,0.0,9235399000.0,103200187000.0,4262072000.0,2442123000.0,18082050048.0,172.21,105000000.0,"EFUL.KA,0P0000ARUB,113",2026-06-01T09:01:36.650326+00:00
ELCM,ELCM.KA,,,,0.0,,,0.0,,80613000.0,62.01,1300000.0,Elahi Cotton Mills Limited,2026-06-01T09:01:36.650326+00:00
ELSM,ELSM.KA,,,,0.0,,,0.0,,972907456.0,88.85,10950000.0,"ELSM.KA,0P0000BZ9U,0",2026-06-01T09:01:36.650326+00:00
EMCO,EMCO.KA,,,,0.0,,,0.0,,1312499968.0,37.5,35000000.0,EMCO Industries Limited,2026-06-01T09:01:36.650326+00:00
ENGL,ENGL.KA,,,,0.0,,,0.0,,,0.65,,English Leasing Ltd,2026-06-01T09:01:36.650326+00:00
ENGRO,ENGRO.KA,,,,0.0,,,0.0,,178283249664.0,332.23,536625984.0,Engro Corporation Limited,2026-06-01T09:01:36.650326+00:00
ENGROH,ENGROH.KA,,,,0.0,,,0.0,,,,,,2026-06-01T09:01:36.650326+00:00
EPCL,EPCL.KA,53324569000.0,117311064000.0,1715679000.0,0.0,4507275000.0,78016768000.0,95838000.0,-3898186000.0,39029166080.0,42.94,908923333.0,Engro Polymer and Chemicals Limited,2026-06-01T09:01:36.650326+00:00
EPCLPS,EPCLPS.KA,53324569000.0,117311064000.0,1715679000.0,0.0,4507275000.0,78016768000.0,95838000.0,-3898186000.0,,11.36,,"EPCLPS.KA,0P0001LG8B,0",2026-06-01T09:01:36.650326+00:00
EPCLR1,EPCLR1.KA,,,,0.0,,,0.0,,,,,,2026-06-01T09:01:36.650326+00:00
EPQL,EPQL.KA,2129630000.0,15753244000.0,3510180000.0,0.0,263689000.0,11888573000.0,6627000.0,836279000.0,8804122624.0,27.19,323800000.0,Engro Powergen Qadirpur Limited,2026-06-01T09:01:36.650326+00:00
ESBL,ESBL.KA,,,,0.0,,,0.0,,509856000.0,3.76,135600000.0,"ESBL.KA,0P0000B3WN,400",2026-06-01T09:01:36.650326+00:00
EWIC,EWIC.KA,,,,0.0,,,0.0,,15016200192.0,48.5,309612375.0,East West Insurance Company Limited,2026-06-01T09:01:36.650326+00:00
EWICR1,EWICR1.KA,,,,0.0,,,0.0,,,,,,2026-06-01T09:01:36.650326+00:00
EWLA,EWLA.KA,,,,0.0,,,0.0,,,,,,2026-06-01T09:01:36.650326+00:00
EXIDE,EXIDE.KA,,,,0.0,,,0.0,,7793632768.0,1003.22,7768618.0,"EXIDE.KA,0P0000C9NW,128365",2026-06-01T09:01:36.650326+00:00
EXTR,EXTR.KA,,,,0.0,,,0.0,,,,,,2026-06-01T09:01:36.650326+00:00
FABL,FABL.KA,20016603000.0,1777009981000.0,,0.0,110731649000.0,98388491000.0,165991746000.0,22469216000.0,71498686464.0,47.11,1517696525.0,Faysal Bank Limited,2026-06-01T09:01:36.650326+00:00
FAEL,FAEL.KA,,,,0.0,,,0.0,,,14.3,,"FAEL.KA,0P0000B4WG,0",2026-06-01T09:01:36.650326+00:00
FANM,FANM.KA,,,,0.0,,,0.0,,75075000.0,3.25,23100000.0,"FANM.KA,0P0000E784,0",2026-06-01T09:01:36.650326+00:00
FASM,FASM.KA,,,,0.0,,,0.0,,2523200000.0,252.32,10000000.0,"FASM.KA,0P0000AM03,668",2026-06-01T09:01:36.650326+00:00
FATIMA,FATIMA.KA,2613784000.0,360894550000.0,32269779000.0,0.0,2987501000.0,276176566000.0,71779000.0,42059025000.0,111216001024.0,52.96,2100000000.0,Fatima Fertilizer Company Limited,2026-06-01T09:01:36.650326+00:00
FCCL,FCCL.KA,24208633000.0,160845191000.0,6911322000.0,0.0,2665338000.0,88956328000.0,400750000.0,13326202000.0,53987164160.0,22.01,2452847220.0,Fauji Cement Company Limited,2026-06-01T09:01:36.650326+00:00
FCEL,FCEL.KA,0.0,1361892686.0,174162671.0,0.0,448406.0,0.0,0.0,17798883.0,961081472.0,6.8,141335500.0,"FCEL.KA,0P0001BLEY,0",2026-06-01T09:01:36.650326+00:00
FCEPL,FCEPL.KA,969774000.0,37510638000.0,1557223000.0,0.0,1205438000.0,104452438000.0,134414000.0,2690648000.0,49108144128.0,64.06,766596075.0,"FCEPL.KA,0P0000TUJ4,321488",2026-06-01T09:01:36.650326+00:00
FCIBL,FCIBL.KA,,,,0.0,,,0.0,,500500000.0,7.7,65000000.0,"FCIBL.KA,0P0000JDEO,0",2026-06-01T09:01:36.650326+00:00
FCL,FCL.KA,,,,0.0,,,0.0,,,,,,2026-06-01T09:01:36.650326+00:00
FCONM,FCONM.KA,,,,0.0,,,0.0,,,,,,2026-06-01T09:01:36.650326+00:00
FCSC,FCSC.KA,,,,0.0,,,0.0,,379932160.0,1.2,316610112.0,"FCSC.KA,0P0000E857,53059",2026-06-01T09:01:36.650326+00:00
FDIBL,FDIBL.KA,,,,0.0,,,0.0,,,,,,2026-06-01T09:01:36.650326+00:00
FDPL,FDPL.KA,,,,0.0,,,0.0,,362071648.0,2.44,148390023.0,"FDPL.KA,0P0000BLSL,6238",2026-06-01T09:01:36.650326+00:00
FECM,FECM.KA,,,,0.0,,,0.0,,71442000.0,6.3,11340000.0,"FECM.KA,0P0000E6QP,2712",2026-06-01T09:01:36.650326+00:00
FECTC,FECTC.KA,,,,0.0,,,0.0,,1495771136.0,29.82,50160000.0,Fecto Cement Limited,2026-06-01T09:01:36.650326+00:00
FEM,FEM.KA,,,,0.0,,,0.0,,132148800.0,2.52,52440000.0,"FEM.KA,0P0000E6V5,1658",2026-06-01T09:01:36.650326+00:00
FEROZ,FEROZ.KA,1843607255.0,21749621603.0,2416614379.0,0.0,551064343.0,15854750179.0,12797078.0,683146147.0,10643397632.0,244.85,43469052.0,"FEROZ.KA,0P0000B1O1,30253",2026-06-01T09:01:36.650326+00:00
FFBL,FFBL.KA,,,,0.0,,,0.0,,54490750976.0,42.2,1291250048.0,Fauji Fertilizer Bin Qasim Limited,2026-06-01T09:01:36.650326+00:00
FFC,FFC.KA,50817992000.0,613298162000.0,33901558000.0,0.0,13965276000.0,483807560000.0,2506745000.0,83170819000.0,235352260608.0,163.55,1439023262.0,Fauji Fertilizer Company Limited,2026-06-01T09:01:36.650326+00:00
FFL,FFL.KA,0.0,21012626528.0,2124493367.0,0.0,1871667843.0,28886859208.0,512047732.0,1154059242.0,21520484352.0,8.54,2519963139.0,Fauji Foods Limited,2026-06-01T09:01:36.650326+00:00
FFLM,FFLM.KA,,,,0.0,,,0.0,,53091744.0,2.01,26413804.0,First Fidelity Leasing Modaraba,2026-06-01T09:01:36.650326+00:00
FFLNV,FFLNV.KA,,,,0.0,,,0.0,,,,,,2026-06-01T09:01:36.650326+00:00
FFLR1,FFLR1.KA,,,,0.0,,,0.0,,,,,,2026-06-01T09:01:36.650326+00:00
FHAM,FHAM.KA,,,,0.0,,,0.0,,1884118400.0,17.0,110830500.0,"FHAM.KA,0P0000E6WQ,2183",2026-06-01T09:01:36.650326+00:00
FIBLM,FIBLM.KA,,,,0.0,,,0.0,,60725000.0,2.8,21687500.0,"FIBLM.KA,0P0000E7SC,500",2026-06-01T09:01:36.650326+00:00
FIL,FIL.KA,,,,0.0,,,0.0,,228840000.0,114.42,2000000.0,"FIL.KA,0P0000C5P8,1",2026-06-01T09:01:36.650326+00:00
FIM,FIM.KA,,,,0.0,,,0.0,,,,,,2026-06-01T09:01:36.650326+00:00
FIMM,FIMM.KA,,,,0.0,,,0.0,,519000000.0,173.0,3000000.0,"FIMM.KA,0P0000E7AB,0",2026-06-01T09:01:36.650326+00:00
FLYNG,FLYNG.KA,,,,0.0,,,0.0,,5565348352.0,8.01,694800000.0,"FLYNG.KA,0P0000CJ11,620622",2026-06-01T09:01:36.650326+00:00
FLYNGR1,FLYNGR1.KA,,,,0.0,,,0.0,,,,,,2026-06-01T09:01:36.650326+00:00
FML,FML.KA,6573385000.0,80880043000.0,15967407000.0,0.0,1054766000.0,68880031000.0,54250000.0,572341000.0,31153903616.0,78.0,399409026.0,Feroze1888 Mills Limited,2026-06-01T09:01:36.650326+00:00
FNBM,FNBM.KA,,,,0.0,,,0.0,,16000000.0,0.64,25000000.0,First National Bank Modaraba,2026-06-01T09:01:36.650326+00:00
FNEL,FNEL.KA,,,,0.0,,,0.0,,9755951104.0,3.65,2672863310.0,"FNEL.KA,0P0000B0LP,167678",2026-06-01T09:01:36.650326+00:00
FPJM,FPJM.KA,,,,0.0,,,0.0,,64638000.0,1.9,34020000.0,"FPJM.KA,0P0000EQ1N,123249",2026-06-01T09:01:36.650326+00:00
FPRM,FPRM.KA,,,,0.0,,,0.0,,108928520.0,7.9,13788420.0,"FPRM.KA,0P0000E8AJ,9000",2026-06-01T09:01:36.650326+00:00
FRCL,FRCL.KA,,,,0.0,,,0.0,,749901632.0,19.8,37873821.0,"FRCL.KA,0P0000B0OV,5003",2026-06-01T09:01:36.650326+00:00
FRSM,FRSM.KA,,,,0.0,,,0.0,,1858992000.0,47.05,39510989.0,"FRSM.KA,0P0000C74S,3798",2026-06-01T09:01:36.650326+00:00
FSWL,FSWL.KA,,,,0.0,,,0.0,,144700000.0,72.35,2000000.0,"FSWL.KA,0P0000B3XL,0",2026-06-01T09:01:36.650326+00:00
FTHM,FTHM.KA,,,,0.0,,,0.0,,,74.0,,"FTHM.KA,0P0000B91X,0",2026-06-01T09:01:36.650326+00:00
FTMM,FTMM.KA,,,,0.0,,,0.0,,923231936.0,4.72,195599994.0,"FTMM.KA,0P0001B71V,1001",2026-06-01T09:01:36.650326+00:00
FTSM,FTSM.KA,,,,0.0,,,0.0,,366968224.0,17.34,21163104.0,"FTSM.KA,0P0000E6SI,2061",2026-06-01T09:01:36.650326+00:00
FUDLM,FUDLM.KA,,,,0.0,,,0.0,,,,,,2026-06-01T09:01:36.650326+00:00
FZCM,FZCM.KA,,,,0.0,,,0.0,,3502500096.0,116.75,30000000.0,"FZCM.KA,0P0000CLEM,531",2026-06-01T09:01:36.650326+00:00
GADT,GADT.KA,,,,0.0,,,0.0,,4833982464.0,172.46,28029583.0,Gadoon Textile Mills Limited,2026-06-01T09:01:36.650326+00:00
GAIL,GAIL.KA,,,,0.0,,,0.0,,,,,,2026-06-01T09:01:36.650326+00:00
GAILR1,GAILR1.KA,,,,0.0,,,0.0,,,,,,2026-06-01T09:01:36.650326+00:00
GAL,GAL.KA,,,,0.0,,,0.0,,,,,,2026-06-01T09:01:36.650326+00:00
GAMON,GAMON.KA,,,,0.0,,,0.0,,628358336.0,22.23,28266231.0,"GAMON.KA,0P0000BTPZ,9735",2026-06-01T09:01:36.650326+00:00
GATI,GATI.KA,8507127000.0,37669385000.0,3516225000.0,0.0,340660000.0,34013581000.0,0.0,-440048000.0,21421780992.0,197.02,108728960.0,Gatron (Industries) Limited,2026-06-01T09:01:36.650326+00:00
GATM,GATM.KA,14591587000.0,148939881000.0,20719045000.0,0.0,1081768000.0,172479728000.0,119674000.0,4851963000.0,14667977728.0,19.82,740059458.0,Gul Ahmed Textile Mills Limited,2026-06-01T09:01:36.650326+00:00
GCIL,GCIL.KA,,,,0.0,,,0.0,,5733041664.0,10.05,570451931.0,"GCIL.KA,0P0001Q1TE,1283163",2026-06-01T09:01:36.650326+00:00
GCILB,GCILB.KA,,,,0.0,,,0.0,,,9.3,,"GCILB.KA,0P0001Q5S4,0",2026-06-01T09:01:36.650326+00:00
GCWL,GCWL.KA,,,,0.0,,,0.0,,,,,,2026-06-01T09:01:36.650326+00:00
GDL,GDL.KA,,,,0.0,,,0.0,,,,,,2026-06-01T09:01:36.650326+00:00
GEMBCEM,GEMBCEM.KA,,,,0.0,,,0.0,,,,,,2026-06-01T09:01:36.650326+00:00
GEMBLUEX,GEMBLUEX.KA,,,,0.0,,,0.0,,1234279296.0,45.0,27428430.0,"GEMBLUEX.KA,0P0001O1WT,5201",2026-06-01T09:01:36.650326+00:00
GEMMEL,GEMMEL.KA,,,,0.0,,,0.0,,,,,,2026-06-01T09:01:36.650326+00:00
GEMNETS,GEMNETS.KA,,,,0.0,,,0.0,,,,,,2026-06-01T09:01:36.650326+00:00
GEMPACRA,GEMPACRA.KA,,,,0.0,,,0.0,,,,,,2026-06-01T09:01:36.650326+00:00
GEMPAPL,GEMPAPL.KA,,,,0.0,,,0.0,,145000000.0,7.25,20000000.0,"GEMPAPL.KA,0P0001ORAV,0",2026-06-01T09:01:36.650326+00:00
GEMSPNL,GEMSPNL.KA,,,,0.0,,,0.0,,1488740096.0,12.06,123444444.0,"GEMSPNL.KA,0P0001PBVN,0",2026-06-01T09:01:36.650326+00:00
GEMUNSL,GEMUNSL.KA,,,,0.0,,,0.0,,,,,,2026-06-01T09:01:36.650326+00:00
GENP,GENP.KA,,,,0.0,,,0.0,,,,,,2026-06-01T09:01:36.650326+00:00
GFIL,GFIL.KA,,,,0.0,,,0.0,,422304640.0,12.94,32635600.0,"GFIL.KA,0P0000CLNE,2",2026-06-01T09:01:36.650326+00:00
GGGL,GGGL.KA,,,,0.0,,,0.0,,1423142656.0,5.96,238782315.0,"GGGL.KA,0P000163O4,82809",2026-06-01T09:01:36.650326+00:00
GGGLR1,GGGLR1.KA,,,,0.0,,,0.0,,,,,,2026-06-01T09:01:36.650326+00:00
GGL,GGL.KA,,,,0.0,,,0.0,,3240194048.0,9.15,354119590.0,Ghani Global Holdings Limited,2026-06-01T09:01:36.650326+00:00
GGLR1,GGLR1.KA,,,,0.0,,,0.0,,,,,,2026-06-01T09:01:36.650326+00:00
GHGL,GHGL.KA,65018284.0,49563468711.0,5903662614.0,0.0,1591609097.0,47790454546.0,53876394.0,6750221198.0,25462734848.0,25.47,999714838.0,Ghani Glass Limited,2026-06-01T09:01:36.650326+00:00
GHGLR1,GHGLR1.KA,,,,0.0,,,0.0,,,,,,2026-06-01T09:01:36.650326+00:00
GHNI,GHNI.KA,0.0,18057049000.0,647175000.0,0.0,2322447000.0,14666195000.0,120535000.0,781412000.0,14962522112.0,351.16,42608844.0,Ghandhara Industries Limited,2026-06-01T09:01:36.650326+00:00
GHNL,GHNL.KA,,,,0.0,,,0.0,,,,57002500.0,Ghandhara Automobiles Limited,2026-06-01T09:01:36.650326+00:00
GIL,GIL.KA,,,,0.0,,,0.0,,37755000.0,125.85,300000.0,"GIL.KA,0P0000CHK5,0",2026-06-01T09:01:36.650326+00:00
GLAT,GLAT.KA,,,,0.0,,,0.0,,,,,,2026-06-01T09:01:36.650326+00:00
GLAXO,GLAXO.KA,335139000.0,50683502000.0,2812639000.0,0.0,8590696000.0,65900901000.0,518139000.0,10025315000.0,43636387840.0,137.02,318467278.0,"GLAXO.KA,0P0000B5DK,80234",2026-06-01T09:01:36.650326+00:00
GLOT,GLOT.KA,,,,0.0,,,0.0,,,9.0,,Globe Textile Mills Ltd,2026-06-01T09:01:36.650326+00:00
GLPL,GLPL.KA,,,,0.0,,,0.0,,4821596160.0,151.28,31872000.0,Gillette Pakistan Ltd,2026-06-01T09:01:36.650326+00:00
GOC,GOC.KA,,,,0.0,,,0.0,,587947264.0,80.0,7349341.0,"GOC.KA,0P0000APCW,15625",2026-06-01T09:01:36.650326+00:00
GOEM,GOEM.KA,,,,0.0,,,0.0,,,,,,2026-06-01T09:01:36.650326+00:00
GRR,GRR.KA,,,,0.0,,,0.0,,1932000000.0,13.8,140000000.0,"GRR.KA,0P0001QATB,1420",2026-06-01T09:01:36.650326+00:00
GRYL,GRYL.KA,,,,0.0,,,0.0,,149640000.0,6.96,21500000.0,"GRYL.KA,0P0000BG4D,69502",2026-06-01T09:01:36.650326+00:00
GSKCH,GSKCH.KA,,,,0.0,,,0.0,,,,,,2026-06-01T09:01:36.650326+00:00
GSPM,GSPM.KA,,,,0.0,,,0.0,,80676888.0,3.63,22225038.0,"GSPM.KA,0P0000C94W,74007",2026-06-01T09:01:36.650326+00:00
GTECH,GTECH.KA,,,,0.0,,,0.0,,,,,,2026-06-01T09:01:36.650326+00:00
GTECHBR,GTECHBR.KA,,,,0.0,,,0.0,,,,,,2026-06-01T09:01:36.650326+00:00
GTYR,GTYR.KA,382709000.0,18848105000.0,3693470000.0,0.0,224435000.0,20538570000.0,1865000.0,229060000.0,5367506432.0,44.02,121933350.0,Ghandhara Tyre and Rubber Company Limited,2026-06-01T09:01:36.650326+00:00
GUSM,GUSM.KA,,,,0.0,,,0.0,,140017744.0,6.3,22225038.0,"GUSM.KA,0P0000CE00,81360",2026-06-01T09:01:36.650326+00:00
GUTM,GUTM.KA,,,,0.0,,,0.0,,,15.0,,"GUTM.KA,0P0000AGHC,0",2026-06-01T09:01:36.650326+00:00
GVGL,GVGL.KA,,,,0.0,,,0.0,,5750282240.0,38.35,149942175.0,"GVGL.KA,0P0000AVKQ,7459",2026-06-01T09:01:36.650326+00:00
GWLC,GWLC.KA,959907000.0,37125657000.0,818249000.0,0.0,391386000.0,18165083000.0,232811000.0,1742730000.0,12172331008.0,30.41,400273960.0,Gharibwal Cement Limited,2026-06-01T09:01:36.650326+00:00
HABSM,HABSM.KA,,,,0.0,,,0.0,,8654850048.0,64.11,135000000.0,"HABSM.KA,0P0000BASW,2",2026-06-01T09:01:36.650326+00:00
HACC,HACC.KA,,,,0.0,,,0.0,,,,,,2026-06-01T09:01:36.650326+00:00
HADC,HADC.KA,,,,0.0,,,0.0,,,16.51,,"HADC.KA,0P0000CMM9,0",2026-06-01T09:01:36.650326+00:00
HAEL,HAEL.KA,,,,0.0,,,0.0,,146208432.0,11.25,12996304.0,Hala Enterprises Limited,2026-06-01T09:01:36.650326+00:00
HAFL,HAFL.KA,,,,0.0,,,0.0,,253968000.0,211.64,1200000.0,"HAFL.KA,0P0000CKWM,0",2026-06-01T09:01:36.650326+00:00
HAJT,HAJT.KA,,,,0.0,,,0.0,,,0.72,,Hajra Textile Mills Ltd,2026-06-01T09:01:36.650326+00:00
HAL,HAL.KA,,,,0.0,,,0.0,,,,,,2026-06-01T09:01:36.650326+00:00
HALEON,HALEON.KA,200781000.0,27160875000.0,1086540000.0,0.0,4305967000.0,43106420000.0,459177000.0,6373151000.0,33491636224.0,286.12,117054508.0,"HALEON.KA,0P00019ZAR,4249",2026-06-01T09:01:36.650326+00:00
HASCOL,HASCOL.KA,8352942000.0,39785815000.0,1817432000.0,0.0,564292000.0,177454326000.0,51948000.0,-6770267000.0,6074653696.0,6.08,999120680.0,Hascol Petroleum Limited,2026-06-01T09:01:36.650326+00:00
HASCOLR1,HASCOLR1.KA,,,,0.0,,,0.0,,,,,,2026-06-01T09:01:36.650326+00:00
HATM,HATM.KA,,,,0.0,,,0.0,,,0.97,,"HATM.KA,0P0000CIU5,0",2026-06-01T09:01:36.650326+00:00
HBL,HBL.KA,251471356000.0,7708144220000.0,,0.0,633732527000.0,338112493000.0,681264637000.0,66716190000.0,207280914432.0,141.31,1466852508.0,Habib Bank Limited,2026-06-01T09:01:36.650326+00:00
HCAR,HCAR.KA,2266355000.0,49120650000.0,7585110000.0,0.0,424263000.0,78065659000.0,778295000.0,2709141000.0,40992165888.0,287.06,142800000.0,Honda Atlas Cars (Pakistan) Limited,2026-06-01T09:01:36.650326+00:00
HCL,HCL.KA,,,,0.0,,,0.0,,192155632.0,383.62,500000.0,"HCL.KA,0P0000AQTH,8",2026-06-01T09:01:36.650326+00:00
HICL,HICL.KA,,,,0.0,,,0.0,,823767104.0,6.65,123874755.0,"HICL.KA,0P0000ASQQ,0",2026-06-01T09:01:36.650326+00:00
HINO,HINO.KA,0.0,10569093000.0,224233000.0,0.0,167064000.0,10336503000.0,11781000.0,161957000.0,7403134464.0,298.5,24801120.0,Hinopak Motors Limited,2026-06-01T09:01:36.650326+00:00
HINOON,HINOON.KA,2423493.0,19436655050.0,4400848568.0,0.0,584225906.0,27705637954.0,55485042.0,4128317403.0,37397778432.0,705.84,52983363.0,"HINOON.KA,0P0000ARL7,2136",2026-06-01T09:01:36.650326+00:00
HIRAT,HIRAT.KA,,,,0.0,,,0.0,,195666096.0,2.26,86577920.0,"HIRAT.KA,0P0000C7NW,996765",2026-06-01T09:01:36.650326+00:00
HKKT,HKKT.KA,,,,0.0,,,0.0,,,0.5,,"HKKT.KA,0P0000AYNM,0",2026-06-01T09:01:36.650326+00:00
HMB,HMB.KA,53979655000.0,1691682092000.0,,0.0,102647346000.0,90287508000.0,163621320000.0,22663415000.0,74469384192.0,71.07,1047831480.0,Habib Metropolitan Bank Limited,2026-06-01T09:01:36.650326+00:00
HMICL,HMICL.KA,,,,0.0,,,0.0,,,,,,2026-06-01T09:01:36.650326+00:00
HMIM,HMIM.KA,,,,0.0,,,0.0,,104781248.0,8.75,11975000.0,Haji Mohammad Ismail Mills Limited,2026-06-01T09:01:36.650326+00:00
HMM,HMM.KA,,,,0.0,,,0.0,,,,,,2026-06-01T09:01:36.650326+00:00
HPL,HPL.KA,0.0,14514629000.0,798679000.0,0.0,152872000.0,30955414000.0,49218000.0,2900083000.0,14951404544.0,1550.21,9644760.0,"HPL.KA,0P0000C250,87",2026-06-01T09:01:36.650326+00:00
HRPL,HRPL.KA,,,,0.0,,,0.0,,1360000000.0,34.0,40000000.0,"HRPL.KA,0P0000BHFU,1000",2026-06-01T09:01:36.650326+00:00
HSM,HSM.KA,,,,0.0,,,0.0,,,,,,2026-06-01T09:01:36.650326+00:00
HSMCPS,HSMCPS.KA,,,,0.0,,,0.0,,,,,,2026-06-01T09:01:36.650326+00:00
HSMPSR,HSMPSR.KA,,,,0.0,,,0.0,,,,,,2026-06-01T09:01:36.650326+00:00
HSMR1,HSMR1.KA,,,,0.0,,,0.0,,,,,,2026-06-01T09:01:36.650326+00:00
HSPI,HSPI.KA,,,,0.0,,,0.0,,564830208.0,10.18,55484303.0,"HSPI.KA,0P0000CJ7C,29743",2026-06-01T09:01:36.650326+00:00
HTL,HTL.KA,521839256.0,13407324551.0,1101435544.0,0.0,411312445.0,24317223350.0,28273889.0,-137376595.0,5274469888.0,37.89,139204800.0,"HTL.KA,0P00017L66,1080758",2026-06-01T09:01:36.650326+00:00
HUBC,HUBC.KA,71824944000.0,414722187000.0,28966134000.0,0.0,31247676000.0,83351492000.0,2360666000.0,46131156000.0,198853771264.0,153.3,1297154387.0,The Hub Power Company Limited,2026-06-01T09:01:36.650326+00:00
HUMNL,HUMNL.KA,1488288.0,12717322052.0,5206721585.0,0.0,2313397809.0,12293007699.0,129502483.0,2924967161.0,11804940288.0,10.41,1134000000.0,Hum Network Limited,2026-06-01T09:01:36.650326+00:00
HUSI,HUSI.KA,,,,0.0,,,0.0,,170969968.0,16.09,10625852.0,Husein Industries Limited,2026-06-01T09:01:36.650326+00:00
HWQS,HWQS.KA,,,,0.0,,,0.0,,346680000.0,10.7,32400000.0,"HWQS.KA,0P0000AWSO,17001",2026-06-01T09:01:36.650326+00:00
IBFL,IBFL.KA,5222104136.0,96998145489.0,3263546670.0,0.0,104106902.0,104457361151.0,570139.0,932914402.0,111816671232.0,360.11,310506995.0,Ibrahim Fibres Limited,2026-06-01T09:01:36.650326+00:00
IBLHL,IBLHL.KA,,,,0.0,,,0.0,,3044452608.0,30.9,98525979.0,IBL HealthCare Limited,2026-06-01T09:01:36.650326+00:00
ICCI,ICCI.KA,,,,0.0,,,0.0,,170406352.0,5.68,30001120.0,"ICCI.KA,0P0000E6RS,252755",2026-06-01T09:01:36.650326+00:00
ICCT,ICCT.KA,,,,0.0,,,0.0,,,,,,2026-06-01T09:01:36.650326+00:00
ICI,ICI.KA,9539945000.0,104329149000.0,5068742000.0,0.0,1469482000.0,119940714000.0,616904000.0,11757122000.0,,,92359000.0,Lucky Core Industries Limited,2026-06-01T09:01:36.650326+00:00
ICIBL,ICIBL.KA,,,,0.0,,,0.0,,390267680.0,1.37,284866896.0,"ICIBL.KA,0P0000AW6J,7791",2026-06-01T09:01:36.650326+00:00
ICL,ICL.KA,,,,0.0,,,0.0,,4500999680.0,45.01,100000000.0,Ittehad Chemicals Limited,2026-06-01T09:01:36.650326+00:00
ICLR1,ICLR1.KA,,,,0.0,,,0.0,,,,,,2026-06-01T09:01:36.650326+00:00
IDRT,IDRT.KA,,,,0.0,,,0.0,,258086400.0,13.0,19852800.0,"IDRT.KA,0P0000ASAI,0",2026-06-01T09:01:36.650326+00:00
IDSM,IDSM.KA,,,,0.0,,,0.0,,128960000.0,13.0,9920000.0,"IDSM.KA,0P0000BG66,0",2026-06-01T09:01:36.650326+00:00
IDYM,IDYM.KA,20173564000.0,81978811000.0,17510904000.0,0.0,18564000.0,105635554000.0,181420000.0,532647000.0,6464793600.0,119.23,54221196.0,"IDYM.KA,0P0000B0CX,7587",2026-06-01T09:01:36.650326+00:00
IFSL,IFSL.KA,,,,0.0,,,0.0,,,,,,2026-06-01T09:01:36.650326+00:00
IGIBL,IGIBL.KA,,,,0.0,,,0.0,,,,,,2026-06-01T09:01:36.650326+00:00
IGIHL,IGIHL.KA,105339000.0,148504704000.0,7812967000.0,0.0,3874107000.0,27350375000.0,1627668000.0,5231975000.0,18399340544.0,129.0,142630550.0,IGI Holdings Limited,2026-06-01T09:01:36.650326+00:00
IGIIL,IGIIL.KA,,,,0.0,,,0.0,,,,,,2026-06-01T09:01:36.650326+00:00
IGIL,IGIL.KA,,,,0.0,,,0.0,,2307774208.0,13.53,170567200.0,IGI Life Insurance Limited,2026-06-01T09:01:36.650326+00:00
ILP,ILP.KA,28593987000.0,180827574000.0,49388925000.0,0.0,1088334000.0,179405283000.0,0.0,5549797000.0,107749408768.0,76.87,1401709468.0,"ILP.KA,0P0001H7BN,255118",2026-06-01T09:01:36.650326+00:00
ILTM,ILTM.KA,,,,0.0,,,0.0,,,,,,2026-06-01T09:01:36.650326+00:00
IMAGE,IMAGE.KA,,,,0.0,,,0.0,,2994805504.0,13.0,230369650.0,"IMAGE.KA,0P0000B2AE,527285",2026-06-01T09:01:36.650326+00:00
IMAGER1,IMAGER1.KA,,,,0.0,,,0.0,,,,,,2026-06-01T09:01:36.650326+00:00
IML,IML.KA,,,,0.0,,,0.0,,1745722496.0,17.63,99020000.0,"IML.KA,0P0000JDEA,4051",2026-06-01T09:01:36.650326+00:00
IMS,IMS.KA,,,,0.0,,,0.0,,,,,,2026-06-01T09:01:36.650326+00:00
IMSL,IMSL.KA,,,,0.0,,,0.0,,,,,,2026-06-01T09:01:36.650326+00:00
INDU,INDU.KA,159929000.0,184774378000.0,9913463000.0,0.0,5397774000.0,215136582000.0,627244000.0,23009659000.0,133097308160.0,1693.35,78600000.0,Indus Motor Company Limited,2026-06-01T09:01:36.650326+00:00
INIL,INIL.KA,1136634000.0,77791632000.0,3436163000.0,0.0,4328388000.0,85813041000.0,382583000.0,898978000.0,25269886976.0,191.61,131881880.0,International Industries Limited,2026-06-01T09:01:36.650326+00:00
INKL,INKL.KA,,,,0.0,,,0.0,,121808248.0,12.59,9675000.0,"INKL.KA,0P0000B5Q6,500",2026-06-01T09:01:36.650326+00:00
INL,INL.KA,,,,0.0,,,0.0,,,,,,2026-06-01T09:01:36.650326+00:00
IPAK,IPAK.KA,,,,0.0,,,0.0,,,,,,2026-06-01T09:01:36.650326+00:00
IREIT,IREIT.KA,,,,0.0,,,0.0,,,,,,2026-06-01T09:01:36.650326+00:00
ISHT,ISHT.KA,,,,0.0,,,0.0,,,,4250000.0,Ishtiaq Textile Mills Limited,2026-06-01T09:01:36.650326+00:00
ISIL,ISIL.KA,30573078878.0,114280317015.0,15758507990.0,0.0,1471877809.0,122566192659.0,23795234.0,4206163975.0,94208270336.0,1419.72,66356940.0,"ISIL.KA,0P0000BM3Y,107",2026-06-01T09:01:36.650326+00:00
ISL,ISL.KA,673942000.0,50067519000.0,1350948000.0,0.0,3436737000.0,62310883000.0,281682000.0,1559261000.0,36448649216.0,83.79,435000000.0,International Steels Limited,2026-06-01T09:01:36.650326+00:00
ISTM,ISTM.KA,,,,0.0,,,0.0,,,,,,2026-06-01T09:01:36.650326+00:00
ITANZ,ITANZ.KA,,,,0.0,,,0.0,,,,,,2026-06-01T09:01:36.650326+00:00
ITSL,ITSL.KA,,,,0.0,,,0.0,,,,,,2026-06-01T09:01:36.650326+00:00
ITTEFAQ,ITTEFAQ.KA,,,,0.0,,,0.0,,831417792.0,5.76,144343364.0,Ittefaq Iron Industries Limited,2026-06-01T09:01:36.650326+00:00
JATM,JATM.KA,,,,0.0,,,0.0,,1361681280.0,108.06,12601160.0,"JATM.KA,0P0000ARIB,36750",2026-06-01T09:01:36.650326+00:00
JDMT,JDMT.KA,,,,0.0,,,0.0,,392385376.0,59.68,6574822.0,"JDMT.KA,0P0000BGM1,551",2026-06-01T09:01:36.650326+00:00
JDWS,JDWS.KA,14126170357.0,85312305511.0,10447684762.0,0.0,780550678.0,135075695712.0,576513951.0,7817634582.0,31487700992.0,544.99,57776661.0,JDW Sugar Mills Limited,2026-06-01T09:01:36.650326+00:00
JGICL,JGICL.KA,6386000.0,65378379000.0,4007503000.0,0.0,3175355000.0,15880534000.0,855544000.0,4019080000.0,8731630592.0,43.99,198491241.0,"JGICL.KA,0P0000BNI7,38762",2026-06-01T09:01:36.650326+00:00
JKSM,JKSM.KA,,,,0.0,,,0.0,,4581777920.0,44.78,102317502.0,"JKSM.KA,0P0000BYTL,155",2026-06-01T09:01:36.650326+00:00
JLICL,JLICL.KA,125000000.0,265767512000.0,3541011000.0,0.0,4819206000.0,96860458000.0,24472067000.0,2495503000.0,12826157056.0,127.81,100353310.0,"JLICL.KA,0P0000C55O,1806",2026-06-01T09:01:36.650326+00:00
JOPP,JOPP.KA,,,,0.0,,,0.0,,,,,,2026-06-01T09:01:36.650326+00:00
JOVC,JOVC.KA,,,,0.0,,,0.0,,,,,,2026-06-01T09:01:36.650326+00:00
JPGL,JPGL.KA,,,,0.0,,,0.0,,,,156038000.0,Japan Power Generation Limited,2026-06-01T09:01:36.650326+00:00
JSBL,JSBL.KA,29068160000.0,1415623704000.0,,0.0,124718847000.0,86500608000.0,145847787000.0,5826980000.0,20117000192.0,9.81,2050662536.0,JS Bank Limited,2026-06-01T09:01:36.650326+00:00
JSCL,JSCL.KA,32334503000.0,1437310300000.0,28804359000.0,0.0,119371743000.0,164391660000.0,1640255000.0,6480825000.0,16138905600.0,17.62,915942388.0,"JSCL.KA,0P0000B02K,76300",2026-06-01T09:01:36.650326+00:00
JSCLR1,JSCLR1.KA,,,,0.0,,,0.0,,,,,,2026-06-01T09:01:36.650326+00:00
JSGCL,JSGCL.KA,,,,0.0,,,0.0,,4592555008.0,167.14,27477297.0,"JSGCL.KA,0P0000AGBM,966",2026-06-01T09:01:36.650326+00:00
JSIL,JSIL.KA,,,,0.0,,,0.0,,961710848.0,15.6,61648127.0,"JSIL.KA,0P0000AROT,0",2026-06-01T09:01:36.650326+00:00
JSML,JSML.KA,,,,0.0,,,0.0,,679497472.0,19.91,34128453.0,"JSML.KA,0P0000BL62,18011",2026-06-01T09:01:36.650326+00:00
JSRR,JSRR.KA,,,,0.0,,,0.0,,,,,,2026-06-01T09:01:36.650326+00:00
JUBS,JUBS.KA,,,,0.0,,,0.0,,350905024.0,10.8,32491205.0,"JUBS.KA,0P0000AUWL,14002",2026-06-01T09:01:36.650326+00:00
JVDC,JVDC.KA,,,,0.0,,,0.0,,14506974208.0,38.09,380860447.0,Javedan Corporation Limited,2026-06-01T09:01:36.650326+00:00
JVDCPS,JVDCPS.KA,,,,0.0,,,0.0,,,20.0,,"JVDCPS.KA,0P0000X56P,0",2026-06-01T09:01:36.650326+00:00
JVDCR1,JVDCR1.KA,,,,0.0,,,0.0,,,,,,2026-06-01T09:01:36.650326+00:00
KACM,KACM.KA,,,,0.0,,,0.0,,,,,,2026-06-01T09:01:36.650326+00:00
KAKL,KAKL.KA,,,,0.0,,,0.0,,,,,,2026-06-01T09:01:36.650326+00:00
KAPCO,KAPCO.KA,0.0,81551254000.0,10866072000.0,0.0,2784292000.0,0.0,6441451000.0,4313618000.0,28555413504.0,32.44,880253228.0,Kot Addu Power Company Limited,2026-06-01T09:01:36.650326+00:00
KASBM,KASBM.KA,,,,0.0,,,0.0,,,,,,2026-06-01T09:01:36.650326+00:00
KCL,KCL.KA,,,,0.0,,,0.0,,712885184.0,49.0,14548676.0,"KCL.KA,0P0000AR52,0",2026-06-01T09:01:36.650326+00:00
KEL,KEL.KA,180508276000.0,1024565025000.0,104452241000.0,0.0,7121309000.0,519732325000.0,5021883000.0,-30982916000.0,123992219648.0,4.49,27615194246.0,K-Electric Limited,2026-06-01T09:01:36.650326+00:00
KHSM,KHSM.KA,,,,0.0,,,0.0,,,,,,2026-06-01T09:01:36.650326+00:00
KHTC,KHTC.KA,,,,0.0,,,0.0,,2029084416.0,293.11,6922604.0,"KHTC.KA,0P0000B0ZH,1725",2026-06-01T09:01:36.650326+00:00
KHYT,KHYT.KA,,,,0.0,,,0.0,,379433440.0,309.11,1227503.0,Khyber Textile Mills Limited,2026-06-01T09:01:36.650326+00:00
KML,KML.KA,,,,0.0,,,0.0,,17131555840.0,33.65,509110110.0,"KML.KA,0P0000C24X,0",2026-06-01T09:01:36.650326+00:00
KOHC,KOHC.KA,1448977799.0,66794311768.0,1692217832.0,0.0,1450702723.0,37535700372.0,217415302.0,11575154071.0,244268924928.0,265.71,919306485.0,Kohat Cement Company Limited,2026-06-01T09:01:36.650326+00:00
KOHE,KOHE.KA,,,,0.0,,,0.0,,6891881472.0,40.67,169458614.0,Kohinoor Energy Limited,2026-06-01T09:01:36.650326+00:00
KOHP,KOHP.KA,,,,0.0,,,0.0,,60480004.0,4.8,12600000.0,Kohinoor Power Company Limited,2026-06-01T09:01:36.650326+00:00
KOHTM,KOHTM.KA,,,,0.0,,,0.0,,377103968.0,18.13,20800000.0,"KOHTM.KA,0P0000BXO7,0",2026-06-01T09:01:36.650326+00:00
KOIL,KOIL.KA,,,,0.0,,,0.0,,279692480.0,9.23,30302543.0,"KOIL.KA,0P0000CFDX,80059",2026-06-01T09:01:36.650326+00:00
KOSM,KOSM.KA,,,,0.0,,,0.0,,1664428544.0,3.82,435714285.0,"KOSM.KA,0P0000ALLM,1825521",2026-06-01T09:01:36.650326+00:00
KPUS,KPUS.KA,,,,0.0,,,0.0,,3990599936.0,249.14,16017500.0,"KPUS.KA,0P0000BYI6,0",2026-06-01T09:01:36.650326+00:00
KSBP,KSBP.KA,,,,0.0,,,0.0,,3472232960.0,112.37,30900000.0,KSB Pumps Company Limited,2026-06-01T09:01:36.650326+00:00
KSTM,KSTM.KA,,,,0.0,,,0.0,,36166000.0,3.38,10700000.0,"KSTM.KA,0P0000BHGE,57309",2026-06-01T09:01:36.650326+00:00
KTML,KTML.KA,15606275000.0,150740001000.0,10687943000.0,0.0,1613850000.0,124612974000.0,323230000.0,11374337000.0,105323020288.0,78.22,1346497280.0,Kohinoor Textile Mills Limited,2026-06-01T09:01:36.650326+00:00
LCI,LCI.KA,9539945000.0,104329149000.0,5068742000.0,0.0,1469482000.0,119940714000.0,616904000.0,11757122000.0,446260477952.0,966.36,461795250.0,"LCI.KA,0P0000C5EE,30062",2026-06-01T09:01:36.650326+00:00
LEUL,LEUL.KA,,,,0.0,,,0.0,,75000000.0,12.5,6000000.0,"LEUL.KA,0P0000BMGK,504",2026-06-01T09:01:36.650326+00:00
LINDE,LINDE.KA,,,,0.0,,,0.0,,,,,,2026-06-01T09:01:36.650326+00:00
LIVEN,LIVEN.KA,,,,0.0,,,0.0,,,,,,2026-06-01T09:01:36.650326+00:00
LMSM,LMSM.KA,,,,0.0,,,0.0,,146708992.0,10.89,12123700.0,Liven Pharmaceuticals Limited,2026-06-01T09:01:36.650326+00:00
LOADS,LOADS.KA,,,,0.0,,,0.0,,3705074688.0,9.98,371250000.0,"LOADS.KA,0P000191BA,473988",2026-06-01T09:01:36.650326+00:00
LOTCHEM,LOTCHEM.KA,0.0,47802570000.0,6406906000.0,0.0,6828351000.0,80906921000.0,627428000.0,1118932000.0,26559197184.0,17.54,1514207208.0,Lotte Chemical Pakistan Limited,2026-06-01T09:01:36.650326+00:00
LPCL,LPCL.KA,,,,0.0,,,0.0,,,,,,2026-06-01T09:01:36.650326+00:00
LPGL,LPGL.KA,,,,0.0,,,0.0,,1121624960.0,149.55,7500000.0,"LPGL.KA,0P0000CD5A,147344",2026-06-01T09:01:36.650326+00:00
LPL,LPL.KA,,,,0.0,,,0.0,,9165507584.0,24.13,279838732.0,Lalpir Power Limited,2026-06-01T09:01:36.650326+00:00
LSECL,LSECL.KA,,,,0.0,,,0.0,,1246140032.0,3.22,387000000.0,"LSECL.KA,0P0001T2G0,103230",2026-06-01T09:01:36.650326+00:00
LSEFSL,LSEFSL.KA,,,,0.0,,,0.0,,144137424.0,4.04,27000000.0,"LSEFSL.KA,0P0001T3VA,30673",2026-06-01T09:01:36.650326+00:00
LSEPL,LSEPL.KA,,,,0.0,,,0.0,,,,,,2026-06-01T09:01:36.650326+00:00
LSEVL,LSEVL.KA,,,,0.0,,,0.0,,,,,,2026-06-01T09:01:36.650326+00:00
LUCK,LUCK.KA,117625786000.0,729361628000.0,61738176000.0,0.0,61685366000.0,458314671000.0,2167895000.0,76956147000.0,1329707220992.0,907.65,1465000000.0,Lucky Cement Limited,2026-06-01T09:01:36.650326+00:00
MACFL,MACFL.KA,,,,0.0,,,0.0,,1055560448.0,17.8,59301150.0,"MACFL.KA,0P0000BFQ4,104815",2026-06-01T09:01:36.650326+00:00
MACTER,MACTER.KA,,,,0.0,,,0.0,,4352046592.0,95.0,45811018.0,"MACTER.KA,0P0001BEFP,1",2026-06-01T09:01:36.650326+00:00
MARI,MARI.KA,508959000.0,425458133000.0,86581711000.0,0.0,45155755000.0,177097104000.0,5608222000.0,65368932000.0,3229734404096.0,2690.05,1200622500.0,Mari Energies Limited,2026-06-01T09:01:36.650326+00:00
MCB,MCB.KA,31661733000.0,3578741706000.0,,0.0,253050143000.0,198339260000.0,327508057000.0,58415056000.0,268866404352.0,226.88,1185060006.0,MCB Bank Limited,2026-06-01T09:01:36.650326+00:00
MCBAH,MCBAH.KA,,,,0.0,,,0.0,,,,,,2026-06-01T09:01:36.650326+00:00
MCBIM,MCBIM.KA,,,,0.0,,,0.0,,2885039872.0,40.07,72000000.0,"MCBIM.KA,0P0000JDE4,17738",2026-06-01T09:01:36.650326+00:00
MDTL,MDTL.KA,,,,0.0,,,0.0,,286161632.0,1.6,178851010.0,"MDTL.KA,0P0000JDES,223228",2026-06-01T09:01:36.650326+00:00
MDTM,MDTM.KA,,,,0.0,,,0.0,,,,,,2026-06-01T09:01:36.650326+00:00
MEBL,MEBL.KA,215155972000.0,4819935454000.0,,0.0,346819720000.0,287160512000.0,0.0,90717235000.0,428279922688.0,237.86,1800554652.0,Meezan Bank Limited,2026-06-01T09:01:36.650326+00:00
MEHT,MEHT.KA,,,,0.0,,,0.0,,18926399488.0,630.88,30000000.0,"MEHT.KA,0P0000AIXO,17",2026-06-01T09:01:36.650326+00:00
MERIT,MERIT.KA,,,,0.0,,,0.0,,2445491456.0,12.23,199958427.0,"MERIT.KA,0P0000C6O0,366293",2026-06-01T09:01:36.650326+00:00
MERITR1,MERITR1.KA,,,,0.0,,,0.0,,,,,,2026-06-01T09:01:36.650326+00:00
META,META.KA,,,,0.0,,,0.0,,71871504.0,9.67,7432420.0,"META.KA,0P0000ANCI,0",2026-06-01T09:01:36.650326+00:00
MFFL,MFFL.KA,,,,0.0,,,0.0,,3248021248.0,141.99,22875000.0,"MFFL.KA,0P0000C6NM,15973",2026-06-01T09:01:36.650326+00:00
MFL,MFL.KA,,,,0.0,,,0.0,,3017177088.0,24.65,122400698.0,"MFL.KA,0P0001CPFP,169863",2026-06-01T09:01:36.650326+00:00
MFTM,MFTM.KA,,,,0.0,,,0.0,,,3.49,,"MFTM.KA,0P0000AJ9Y,0",2026-06-01T09:01:36.650326+00:00
MIRKS,MIRKS.KA,,,,0.0,,,0.0,,2013376256.0,30.25,66557891.0,Mirpurkhas Sugar Mills Limited,2026-06-01T09:01:36.650326+00:00
MLCF,MLCF.KA,9781639000.0,118731599000.0,4610182000.0,0.0,1861551000.0,68653999000.0,258809000.0,11503305000.0,38529351680.0,36.78,1047562608.0,Maple Leaf Cement Factory Limited,2026-06-01T09:01:36.650326+00:00
MLCFR1,MLCFR1.KA,,,,0.0,,,0.0,,,,,,2026-06-01T09:01:36.650326+00:00
MODAM,MODAM.KA,,,,0.0,,,0.0,,,,,,2026-06-01T09:01:36.650326+00:00
MODAMR1,MODAMR1.KA,,,,0.0,,,0.0,,,,,,2026-06-01T09:01:36.650326+00:00
MOHE,MOHE.KA,,,,0.0,,,0.0,,,,,,2026-06-01T09:01:36.650326+00:00
MOIL,MOIL.KA,,,,0.0,,,0.0,,,,,,2026-06-01T09:01:36.650326+00:00
MOON,MOON.KA,,,,0.0,,,0.0,,,,,,2026-06-01T09:01:36.650326+00:00
MQTM,MQTM.KA,,,,0.0,,,0.0,,645120000.0,35.0,18432000.0,"MQTM.KA,0P0000C30H,0",2026-06-01T09:01:36.650326+00:00
MRNS,MRNS.KA,,,,0.0,,,0.0,,4140499456.0,55.26,74927609.0,"MRNS.KA,0P0000C6IQ,4030",2026-06-01T09:01:36.650326+00:00
MSCL,MSCL.KA,,,,0.0,,,0.0,,329910944.0,10.65,30977554.0,"MSCL.KA,0P0000C6I1,8415",2026-06-01T09:01:36.650326+00:00
MSOT,MSOT.KA,,,,0.0,,,0.0,,3543075072.0,52.49,67500000.0,"MSOT.KA,0P0000BQDY,1",2026-06-01T09:01:36.650326+00:00
MSOTPS,MSOTPS.KA,,,,0.0,,,0.0,,,,,,2026-06-01T09:01:36.650326+00:00
MTIL,MTIL.KA,,,,0.0,,,0.0,,,,,,2026-06-01T09:01:36.650326+00:00
MTL,MTL.KA,959651000.0,35276027000.0,805680000.0,0.0,1877794000.0,95020571000.0,327468000.0,10299703000.0,249039798272.0,624.11,399031894.0,Millat Tractors Limited,2026-06-01T09:01:36.650326+00:00
MUBT,MUBT.KA,,,,0.0,,,0.0,,,3.85,,"MUBT.KA,0P0000BNZ9,0",2026-06-01T09:01:36.650326+00:00
MUGHAL,MUGHAL.KA,2841956188.0,70184196879.0,10805747538.0,0.0,3365879773.0,91760862972.0,127421927.0,1907569751.0,31652583424.0,85.85,335633933.0,Mughal Iron & Steel Industries Limited,2026-06-01T09:01:36.650326+00:00
MUGHALC,MUGHALC.KA,,,,0.0,,,0.0,,,,,,2026-06-01T09:01:36.650326+00:00
MUGHALR1,MUGHALR1.KA,,,,0.0,,,0.0,,,,,,2026-06-01T09:01:36.650326+00:00
MUKT,MUKT.KA,,,,0.0,,,0.0,,,,,,2026-06-01T09:01:36.650326+00:00
MUREB,MUREB.KA,0.0,19829764000.0,40751000.0,0.0,3640406000.0,23798243000.0,395158000.0,2621355000.0,14664214528.0,530.09,27663630.0,Murree Brewery Company Limited,2026-06-01T09:01:36.650326+00:00
MWMP,MWMP.KA,,,,0.0,,,0.0,,413973088.0,14.4,28748133.0,"MWMP.KA,0P0000BYXU,9461",2026-06-01T09:01:36.650326+00:00
MZSM,MZSM.KA,,,,0.0,,,0.0,,,,,,2026-06-01T09:01:36.650326+00:00
NAFL,NAFL.KA,,,,0.0,,,0.0,,,,,,2026-06-01T09:01:36.650326+00:00
NAGC,NAGC.KA,,,,0.0,,,0.0,,946219968.0,50.6,18700000.0,"NAGC.KA,0P0000C663,8",2026-06-01T09:01:36.650326+00:00
NATF,NATF.KA,6717423000.0,45275744000.0,3240433000.0,0.0,4832346000.0,86375106000.0,65711000.0,1910182000.0,43030773760.0,184.59,233115425.0,National Foods Limited,2026-06-01T09:01:36.650326+00:00
NATM,NATM.KA,,,,0.0,,,0.0,,1892739456.0,89.0,21266735.0,"NATM.KA,0P0000AS7D,0",2026-06-01T09:01:36.650326+00:00
NBP,NBP.KA,60271459000.0,7078396701000.0,,0.0,409471351000.0,320826999000.0,781159921000.0,85031673000.0,101737676800.0,47.82,2127513026.0,National Bank of Pakistan,2026-06-01T09:01:36.650326+00:00
NCL,NCL.KA,10365601631.0,68697569055.0,11126892226.0,0.0,81851548.0,89045617565.0,156778380.0,710699662.0,6483213824.0,27.0,240119029.0,Nishat (Chunian) Limited,2026-06-01T09:01:36.650326+00:00
NCML,NCML.KA,,,,0.0,,,0.0,,143980000.0,6.26,23000000.0,"NCML.KA,0P0000BAX5,20501",2026-06-01T09:01:36.650326+00:00
NCPL,NCPL.KA,0.0,31986689000.0,13170211000.0,0.0,1716254000.0,15215087000.0,245059000.0,4912312000.0,10182856704.0,27.72,367346939.0,Nishat Chunian Power Limited,2026-06-01T09:01:36.650326+00:00
NESTLE,NESTLE.KA,0.0,93893396000.0,3177030000.0,0.0,3908396000.0,199069166000.0,500942000.0,17243921000.0,317673832448.0,7005.0,45349584.0,Nestlé Pakistan Limited,2026-06-01T09:01:36.650326+00:00
NETSOL,NETSOL.KA,2696000.0,13919353000.0,5326984000.0,0.0,4669162000.0,9579636000.0,514589000.0,1203053000.0,12599262208.0,145.51,86586923.0,Netsol Technologies Limited,2026-06-01T09:01:36.650326+00:00
NEXT,NEXT.KA,,,,0.0,,,0.0,,278932512.0,4.9,56925000.0,"NEXT.KA,0P0000VZ7F,211",2026-06-01T09:01:36.650326+00:00
NIB,NIB.KA,,,,0.0,,,0.0,,,,,,2026-06-01T09:01:36.650326+00:00
NICL,NICL.KA,,,,0.0,,,0.0,,12735607808.0,115.16,110590546.0,"NICL.KA,0P0000B7RK,56741",2026-06-01T09:01:36.650326+00:00
NINA,NINA.KA,,,,0.0,,,0.0,,,,,,2026-06-01T09:01:36.650326+00:00
NMFL,NMFL.KA,,,,0.0,,,0.0,,,12.76,,"NMFL.KA,0P0000BFXC,0",2026-06-01T09:01:36.650326+00:00
NML,NML.KA,23682746000.0,273706356000.0,38376196000.0,0.0,11180968000.0,212511599000.0,651404000.0,7868223000.0,23370842112.0,66.47,351599848.0,Nishat Mills Limited,2026-06-01T09:01:36.650326+00:00
NONS,NONS.KA,,,,0.0,,,0.0,,1354431232.0,82.0,16517453.0,"NONS.KA,0P0000BCAL,1",2026-06-01T09:01:36.650326+00:00
NORS,NORS.KA,,,,0.0,,,0.0,,,,,,2026-06-01T09:01:36.650326+00:00
NPL,NPL.KA,0.0,37896805000.0,14425555000.0,0.0,6296539000.0,22505489000.0,263132000.0,5389574000.0,13126061056.0,37.07,354088500.0,Nishat Power Limited,2026-06-01T09:01:36.650326+00:00
NPSM,NPSM.KA,,,,0.0,,,0.0,,,,14700000.0,N.P. Spinning Mills Limited,2026-06-01T09:01:36.650326+00:00
NRL,NRL.KA,11250000000.0,149495621000.0,17759495000.0,0.0,679940000.0,307662853000.0,352479000.0,-14866922000.0,19525435392.0,244.17,79966560.0,National Refinery Limited,2026-06-01T09:01:36.650326+00:00
NRSL,NRSL.KA,,,,0.0,,,0.0,,3394531840.0,24.02,141321064.0,"NRSL.KA,0P0000B8BQ,65718",2026-06-01T09:01:36.650326+00:00
NSRM,NSRM.KA,,,,0.0,,,0.0,,409048480.0,26.3,15553174.0,"NSRM.KA,0P0000APE7,0",2026-06-01T09:01:36.650326+00:00
OBOY,OBOY.KA,,,,0.0,,,0.0,,374523808.0,7.15,52380952.0,"OBOY.KA,0P0000CN0I,451855",2026-06-01T09:01:36.650326+00:00
OBOYR1,OBOYR1.KA,,,,0.0,,,0.0,,,,,,2026-06-01T09:01:36.650326+00:00
OCTOPUS,OCTOPUS.KA,,,,0.0,,,0.0,,15042157568.0,95.65,157262502.0,"OCTOPUS.KA,0P0001NHXQ,2421891",2026-06-01T09:01:36.650326+00:00
OGDC,OGDC.KA,,1604254140000.0,635016335000.0,0.0,141028920000.0,463697861000.0,64027775000.0,208975771000.0,567163420672.0,131.87,4300928400.0,Oil and Gas Development Company Limited,2026-06-01T09:01:36.650326+00:00
OLPL,OLPL.KA,,,,0.0,,,0.0,,4907906048.0,27.98,175407647.0,"OLPL.KA,0P0000AZ4T,46300",2026-06-01T09:01:36.650326+00:00
OLPM,OLPM.KA,,,,0.0,,,0.0,,635369408.0,14.0,45383530.0,"OLPM.KA,0P0000EDFZ,10507",2026-06-01T09:01:36.650326+00:00
OLSM,OLSM.KA,,,,0.0,,,0.0,,,,,,2026-06-01T09:01:36.650326+00:00
OML,OML.KA,,,,0.0,,,0.0,,330000000.0,27.5,12000000.0,"OML.KA,0P0000AH19,118",2026-06-01T09:01:36.650326+00:00
ORIXM,ORIXM.KA,,,,0.0,,,0.0,,,,45383500.0,ORIX Modaraba,2026-06-01T09:01:36.650326+00:00
ORM,ORM.KA,,,,0.0,,,0.0,,524249984.0,6.99,75000000.0,"ORM.KA,0P0001CWEE,0",2026-06-01T09:01:36.650326+00:00
OTSU,OTSU.KA,,,,0.0,,,0.0,,1444982016.0,119.42,12100000.0,Otsuka Pakistan Limited,2026-06-01T09:01:36.650326+00:00
PABC,PABC.KA,1010109764.0,39438444911.0,710069575.0,0.0,2554560864.0,23992408324.0,420305745.0,5216181882.0,27505614848.0,76.17,361108254.0,"PABC.KA,0P0001MYH5,281087",2026-06-01T09:01:36.650326+00:00
PACE,PACE.KA,,,,0.0,,,0.0,,935785984.0,3.02,309862904.0,"PACE.KA,0P0000CM38,559381",2026-06-01T09:01:36.650326+00:00
PAEL,PAEL.KA,3335417000.0,87405304000.0,19649708000.0,0.0,1141001000.0,63523506000.0,424559000.0,3846675000.0,24255035392.0,26.26,923649501.0,Pak Elektron Limited,2026-06-01T09:01:36.650326+00:00
PAKCEM,PAKCEM.KA,,,,0.0,,,0.0,,,,,,2026-06-01T09:01:36.650326+00:00
PAKD,PAKD.KA,,,,0.0,,,0.0,,890152256.0,75.06,11859210.0,"PAKD.KA,0P0000C8IC,4718",2026-06-01T09:01:36.650326+00:00
PAKL,PAKL.KA,,,,0.0,,,0.0,,59500000.0,17.5,3400000.0,"PAKL.KA,0P0000C7EN,0",2026-06-01T09:01:36.650326+00:00
PAKMI,PAKMI.KA,,,,0.0,,,0.0,,,,,,2026-06-01T09:01:36.650326+00:00
PAKOXY,PAKOXY.KA,,,,0.0,,,0.0,,6913307136.0,79.35,87124228.0,"PAKOXY.KA,0P0000C2IP,8263",2026-06-01T09:01:36.650326+00:00
PAKQATAR,PAKQATAR.KA,,,,0.0,,,0.0,,,,,,2026-06-01T09:01:36.650326+00:00
PAKRI,PAKRI.KA,17037073.0,76355001422.0,13555378242.0,0.0,2032744158.0,14500815542.0,1637929110.0,3129096264.0,9944999936.0,11.05,900000000.0,"PAKRI.KA,0P0000CDVE,1695401",2026-06-01T09:01:36.650326+00:00
PAKT,PAKT.KA,3821691000.0,95921946000.0,2650000.0,0.0,1694868000.0,139018233000.0,1576401000.0,29854825000.0,245652160512.0,961.48,255493792.0,Pakistan Tobacco Company Limited,2026-06-01T09:01:36.650326+00:00
PASL,PASL.KA,,,,0.0,,,0.0,,251867456.0,1.35,186568487.0,"PASL.KA,0P0000DG1Y,1591043",2026-06-01T09:01:36.650326+00:00
PASM,PASM.KA,,,,0.0,,,0.0,,76350248.0,4.4,17352329.0,"PASM.KA,0P0000BFID,6221",2026-06-01T09:01:36.650326+00:00
PCAL,PCAL.KA,,,,0.0,,,0.0,,8440900096.0,155.0,54457418.0,"PCAL.KA,0P0000B0WV,1863",2026-06-01T09:01:36.650326+00:00
PCML,PCML.KA,,,,0.0,,,0.0,,,,,,2026-06-01T09:01:36.650326+00:00
PDGH,PDGH.KA,,,,0.0,,,0.0,,,,,Prudential Discount and Guarantee House Ltd,2026-06-01T09:01:36.650326+00:00
PECO,PECO.KA,,,,0.0,,,0.0,,3812464128.0,670.0,5690245.0,"PECO.KA,0P0000AYD5,339",2026-06-01T09:01:36.650326+00:00
PGCL,PGCL.KA,,,,0.0,,,0.0,,,,,,2026-06-01T09:01:36.650326+00:00
PGIC,PGIC.KA,,,,0.0,,,0.0,,,,,,2026-06-01T09:01:36.650326+00:00
PGLC,PGLC.KA,,,,0.0,,,0.0,,478385664.0,9.67,49471110.0,"PGLC.KA,0P0000C594,94",2026-06-01T09:01:36.650326+00:00
PHDL,PHDL.KA,,,,0.0,,,0.0,,106200000.0,5.9,18000000.0,"PHDL.KA,0P0000BML9,27401",2026-06-01T09:01:36.650326+00:00
PIAA,PIAA.KA,,,,0.0,,,0.0,,,,5233760256.0,Pakistan International Airlines Corporation Limited,2026-06-01T09:01:36.650326+00:00
PIAB,PIAB.KA,,,,0.0,,,0.0,,,,1500000.0,Pakistan International Airlines Corporation Limited,2026-06-01T09:01:36.650326+00:00
PIAHCLA,PIAHCLA.KA,398459945000.0,396262131000.0,13005316000.0,0.0,16351527000.0,239652336000.0,238694000.0,-15548028000.0,82818514944.0,15.63,5233762118.0,"PIAHCLA.KA,0P0001T2E2,22079450",2026-06-01T09:01:36.650326+00:00
PIAHCLB,PIAHCLB.KA,398459945000.0,396262131000.0,13005316000.0,0.0,16351527000.0,239652336000.0,238694000.0,-15548028000.0,4495938420736.0,858.78,1499999.0,"PIAHCLB.KA,0P0001T2E4,143",2026-06-01T09:01:36.650326+00:00
PIBTL,PIBTL.KA,6938960000.0,28768552000.0,471895000.0,0.0,201862000.0,13852284000.0,250918000.0,1764987000.0,10788000768.0,6.04,1786092772.0,Pakistan International Bulk Terminal Limited,2026-06-01T09:01:36.650326+00:00
PICL,PICL.KA,,,,0.0,,,0.0,,,,,,2026-06-01T09:01:36.650326+00:00
PICT,PICT.KA,,3876093000.0,5750000.0,0.0,1488616000.0,10000000.0,338298000.0,-134023000.0,4365034496.0,39.99,109153152.0,Pakistan International Container Terminal Limited,2026-06-01T09:01:36.650326+00:00
PIL,PIL.KA,,,,0.0,,,0.0,,57750000.0,1.65,35000000.0,"PIL.KA,0P0000DFVR,88524",2026-06-01T09:01:36.650326+00:00
PIM,PIM.KA,,,,0.0,,,0.0,,220000000.0,11.0,20000000.0,"PIM.KA,0P0000E7Q9,3520",2026-06-01T09:01:36.650326+00:00
PINL,PINL.KA,,,,0.0,,,0.0,,331201440.0,6.55,50565105.0,"PINL.KA,0P0000BZSJ,0",2026-06-01T09:01:36.650326+00:00
PIOC,PIOC.KA,3301167000.0,85077942000.0,1864186000.0,0.0,414631000.0,35519271000.0,29713000.0,5176166000.0,39889600512.0,175.61,227148793.0,Pioneer Cement Limited,2026-06-01T09:01:36.650326+00:00
PKGI,PKGI.KA,,,,0.0,,,0.0,,370000000.0,7.4,50000000.0,"PKGI.KA,0P0000BWTT,1000",2026-06-01T09:01:36.650326+00:00
PKGP,PKGP.KA,0.0,15682322000.0,0.0,0.0,26420000.0,925405000.0,30631000.0,-333081000.0,31154393088.0,83.73,372081591.0,Pakgen Power Limited,2026-06-01T09:01:36.650326+00:00
PKGS,PKGS.KA,64246500000.0,267092116000.0,22804898000.0,0.0,5353596000.0,193227707000.0,115532000.0,-1836306000.0,46134120448.0,516.16,89379504.0,Packages Limited,2026-06-01T09:01:36.650326+00:00
PMI,PMI.KA,,,,0.0,,,0.0,,497570144.0,3.79,129392000.0,"PMI.KA,0P0000E6TT,2322286",2026-06-01T09:01:36.650326+00:00
PMPK,PMPK.KA,,,,0.0,,,0.0,,36881080320.0,598.91,61580341.0,"PMPK.KA,0P0000BIQB,100",2026-06-01T09:01:36.650326+00:00
PMRS,PMRS.KA,,,,0.0,,,0.0,,1724999936.0,460.0,3750000.0,"PMRS.KA,0P0000ATA4,0",2026-06-01T09:01:36.650326+00:00
PNGRS,PNGRS.KA,,,,0.0,,,0.0,,,,,,2026-06-01T09:01:36.650326+00:00
PNSC,PNSC.KA,1952583000.0,99894034000.0,3825726000.0,0.0,7148683000.0,46363490000.0,3925930000.0,20180089000.0,64170917888.0,323.94,198095070.0,Pakistan National Shipping Corporation,2026-06-01T09:01:36.650326+00:00
POL,POL.KA,,180990063000.0,19601334000.0,0.0,68959261000.0,66741472000.0,13616947000.0,37600051000.0,155373764608.0,547.37,283855104.0,Pakistan Oilfields Limited,2026-06-01T09:01:36.650326+00:00
POML,POML.KA,,,,0.0,,,0.0,,876933952.0,112.97,7762538.0,"POML.KA,0P0000BCWI,354",2026-06-01T09:01:36.650326+00:00
POWER,POWER.KA,,,,0.0,,,0.0,,6368243200.0,4.93,1291733004.0,Power Cement Limited,2026-06-01T09:01:36.650326+00:00
POWERPS,POWERPS.KA,,,,0.0,,,0.0,,,10.6,,"POWERPS.KA,0P0001KRYG,0",2026-06-01T09:01:36.650326+00:00
POWERR1,POWERR1.KA,,,,0.0,,,0.0,,,,,,2026-06-01T09:01:36.650326+00:00
PPL,PPL.KA,1136412000.0,913040581000.0,577957975000.0,0.0,7207749000.0,291240687000.0,13662141000.0,115477465000.0,314598916096.0,115.62,2720973110.0,Pakistan Petroleum Limited,2026-06-01T09:01:36.650326+00:00
PPP,PPP.KA,,,,0.0,,,0.0,,719520000.0,89.94,8000000.0,"PPP.KA,0P0000BTIB,1269",2026-06-01T09:01:36.650326+00:00
PPVC,PPVC.KA,,,,0.0,,,0.0,,120411904.0,8.05,14958000.0,Pakistan PVC Limited,2026-06-01T09:01:36.650326+00:00
PQGTL,PQGTL.KA,,,,0.0,,,0.0,,,,,,2026-06-01T09:01:36.650326+00:00
PREMA,PREMA.KA,,,,0.0,,,0.0,,2781093632.0,12.72,218639429.0,"PREMA.KA,0P0001E123,210442",2026-06-01T09:01:36.650326+00:00
PRET,PRET.KA,,,,0.0,,,0.0,,1764035584.0,286.23,6163000.0,Premium Textile Mills Limited,2026-06-01T09:01:36.650326+00:00
PRIB,PRIB.KA,,,,0.0,,,0.0,,,,,,2026-06-01T09:01:36.650326+00:00
PRIC,PRIC.KA,,,,0.0,,,0.0,,,,,,2026-06-01T09:01:36.650326+00:00
PRL,PRL.KA,12350000000.0,107940926000.0,19390402000.0,0.0,2839718000.0,310351355000.0,1032177000.0,-4659666000.0,14238000128.0,22.6,630000000.0,"PRL.KA,0P0000C1IT,2739497",2026-06-01T09:01:36.650326+00:00
PRLR1,PRLR1.KA,,,,0.0,,,0.0,,,,,,2026-06-01T09:01:36.650326+00:00
PRWM,PRWM.KA,,,,0.0,,,0.0,,554215168.0,29.99,18480000.0,"PRWM.KA,0P0000BDTQ,1",2026-06-01T09:01:36.650326+00:00
PSEL,PSEL.KA,623669000.0,62162619000.0,901736000.0,0.0,510709000.0,16629837000.0,201414000.0,427935000.0,24909611008.0,765.88,32524170.0,"PSEL.KA,0P0000B4J3,20",2026-06-01T09:01:36.650326+00:00
PSMC,PSMC.KA,,,,0.0,,,0.0,,,,82299800.0,Pak Suzuki Motor Company Limited,2026-06-01T09:01:36.650326+00:00
PSO,PSO.KA,3000000000.0,1063519173000.0,492939166000.0,0.0,18632516000.0,3742081969000.0,11090694000.0,18326723000.0,73953378304.0,162.46,455209732.0,Pakistan State Oil Company Limited,2026-06-01T09:01:36.650326+00:00
PSX,PSX.KA,,14188861000.0,448628000.0,0.0,196792000.0,1777956000.0,268093000.0,1027609000.0,11925971968.0,14.88,801476600.0,"PSX.KA,0P0001B71Y,1163007",2026-06-01T09:01:36.650326+00:00
PSYL,PSYL.KA,,,,0.0,,,0.0,,5140185600.0,37.06,138699000.0,"PSYL.KA,0P0000C05I,9276",2026-06-01T09:01:36.650326+00:00
PTC,PTC.KA,238351273000.0,954037566000.0,82824227000.0,0.0,38754337000.0,251733534000.0,5610259000.0,-9746117000.0,64260005888.0,12.6,3774000000.0,Pakistan Telecommunication Company Limited,2026-06-01T09:01:36.650326+00:00
PTL,PTL.KA,,,,0.0,,,0.0,,7050960384.0,41.97,168000000.0,"PTL.KA,0P0001LSZU,702328",2026-06-01T09:01:36.650326+00:00
QTECH,QTECH.KA,,,,0.0,,,0.0,,,,,,2026-06-01T09:01:36.650326+00:00
QUET,QUET.KA,,,,0.0,,,0.0,,95550000.0,7.35,13000000.0,"QUET.KA,0P0000CAHW,1000",2026-06-01T09:01:36.650326+00:00
QUICE,QUICE.KA,,,,0.0,,,0.0,,444062848.0,4.51,98461828.0,"QUICE.KA,0P0000CL9W,387601",2026-06-01T09:01:36.650326+00:00
QUSW,QUSW.KA,,,,0.0,,,0.0,,,,,,2026-06-01T09:01:36.650326+00:00
RAVT,RAVT.KA,,,,0.0,,,0.0,,,,25000000.0,Ravi Textile Mills Limited,2026-06-01T09:01:36.650326+00:00
RCML,RCML.KA,,,,0.0,,,0.0,,6710759936.0,630.0,10652000.0,"RCML.KA,0P0000B0TC,0",2026-06-01T09:01:36.650326+00:00
REDCO,REDCO.KA,,,,0.0,,,0.0,,325331168.0,6.6,49292600.0,"REDCO.KA,0P0000BPTZ,612",2026-06-01T09:01:36.650326+00:00
REGAL,REGAL.KA,,,,0.0,,,0.0,,,,,,2026-06-01T09:01:36.650326+00:00
REWM,REWM.KA,,,,0.0,,,0.0,,2310820096.0,75.0,30810937.0,"REWM.KA,0P0000B34X,0",2026-06-01T09:01:36.650326+00:00
RICL,RICL.KA,,,,0.0,,,0.0,,1061891776.0,8.13,130613993.0,"RICL.KA,0P0000AMBI,100",2026-06-01T09:01:36.650326+00:00
RMPL,RMPL.KA,282691000.0,59174129000.0,3355408000.0,0.0,4137800000.0,73362632000.0,718515000.0,6534843000.0,70063570944.0,7585.57,9236428.0,"RMPL.KA,0P0000B1WS,25",2026-06-01T09:01:36.650326+00:00
RPL,RPL.KA,,,,0.0,,,0.0,,1915650048.0,13.5,141900000.0,Roshan Packages Limited,2026-06-01T09:01:36.650326+00:00
RUBY,RUBY.KA,,,,0.0,,,0.0,,396829440.0,7.6,52214400.0,Ruby Textile Mills Limited,2026-06-01T09:01:36.650326+00:00
RUPL,RUPL.KA,,,,0.0,,,0.0,,664336000.0,19.5,34068514.0,"RUPL.KA,0P0000BQ3I,1503",2026-06-01T09:01:36.650326+00:00
SAIF,SAIF.KA,,,,0.0,,,0.0,,293711232.0,11.12,26412880.0,Saif Textile Mills Limited,2026-06-01T09:01:36.650326+00:00
SALT,SALT.KA,,,,0.0,,,0.0,,,,,,2026-06-01T09:01:36.650326+00:00
SANE,SANE.KA,,,,0.0,,,0.0,,36897720.0,8.26,4467036.0,"SANE.KA,0P0000C3X5,503071",2026-06-01T09:01:36.650326+00:00
SANSM,SANSM.KA,,,,0.0,,,0.0,,359216224.0,30.07,11946000.0,"SANSM.KA,0P0000ANA2,5113",2026-06-01T09:01:36.650326+00:00
SAPL,SAPL.KA,,,,0.0,,,0.0,,,,,,2026-06-01T09:01:36.650326+00:00
SAPT,SAPT.KA,46035980643.0,185169978366.0,22357299246.0,0.0,17533563165.0,137298442336.0,1226741850.0,13263476503.0,29713281024.0,1369.92,21689791.0,Sapphire Textile Mills Limited,2026-06-01T09:01:36.650326+00:00
SARC,SARC.KA,,,,0.0,,,0.0,,202800000.0,33.8,6000000.0,"SARC.KA,0P0000C122,0",2026-06-01T09:01:36.650326+00:00
SASML,SASML.KA,,,,0.0,,,0.0,,295548768.0,28.35,10425000.0,"SASML.KA,0P0000CK6K,12501",2026-06-01T09:01:36.650326+00:00
SAZEW,SAZEW.KA,49825282.0,41736856678.0,111137653.0,0.0,16596492181.0,108694499692.0,2028587.0,16336201342.0,67558039552.0,1117.66,60445964.0,Sazgar Engineering Works Limited,2026-06-01T09:01:36.650326+00:00
SBL,SBL.KA,,,,0.0,,,0.0,,10586506240.0,10.5,1008238648.0,"SBL.KA,0P0000EJV2,48873",2026-06-01T09:01:36.650326+00:00
SCBPL,SCBPL.KA,2126741000.0,872871088000.0,,0.0,104963337000.0,77481714000.0,88812551000.0,28780854000.0,238141194240.0,61.51,3871585021.0,"SCBPL.KA,0P0000B4E9,9507",2026-06-01T09:01:36.650326+00:00
SCHT,SCHT.KA,,,,0.0,,,0.0,,,,,,2026-06-01T09:01:36.650326+00:00
SCL,SCL.KA,,,,0.0,,,0.0,,1072499968.0,275.0,3900000.0,Shield Corporation Limited,2026-06-01T09:01:36.650326+00:00
SDIL,SDIL.KA,,,,0.0,,,0.0,,,,,,2026-06-01T09:01:36.650326+00:00
SDOT,SDOT.KA,,,,0.0,,,0.0,,,,,,2026-06-01T09:01:36.650326+00:00
SEARL,SEARL.KA,3768070000.0,63560769000.0,12471522000.0,0.0,302839000.0,29400675000.0,23639000.0,-2376245000.0,32693188608.0,55.58,588218587.0,The Searle Company Limited,2026-06-01T09:01:36.650326+00:00
SEARLR1,SEARLR1.KA,,,,0.0,,,0.0,,,,,,2026-06-01T09:01:36.650326+00:00
SEL,SEL.KA,,,,0.0,,,0.0,,213830400.0,11.2,19092000.0,"SEL.KA,0P0000BG62,0",2026-06-01T09:01:36.650326+00:00
SEPCO,SEPCO.KA,,,,0.0,,,0.0,,,,,,2026-06-01T09:01:36.650326+00:00
SEPL,SEPL.KA,,,,0.0,,,0.0,,7999557632.0,135.0,59255985.0,Security Papers Limited,2026-06-01T09:01:36.650326+00:00
SERF,SERF.KA,,,,0.0,,,0.0,,,,,,2026-06-01T09:01:36.650326+00:00
SERT,SERT.KA,,,,0.0,,,0.0,,160349408.0,11.63,13787567.0,Service Industries Textiles Limited,2026-06-01T09:01:36.650326+00:00
SFAT,SFAT.KA,,,,0.0,,,0.0,,,1.89,,"SFAT.KA,0P0000AWFA,0",2026-06-01T09:01:36.650326+00:00
SFL,SFL.KA,5333604137.0,81500229215.0,17715725180.0,0.0,1801796629.0,67485950213.0,168882593.0,3863507674.0,33052262400.0,1598.9,20671875.0,"SFL.KA,0P0000CI2K,0",2026-06-01T09:01:36.650326+00:00
SFLL,SFLL.KA,,,,0.0,,,0.0,,,,,,2026-06-01T09:01:36.650326+00:00
SGABL,SGABL.KA,,,,0.0,,,0.0,,50700000.0,3.38,15000000.0,"SGABL.KA,0P0000EPBV,0",2026-06-01T09:01:36.650326+00:00
SGF,SGF.KA,,,,0.0,,,0.0,,15627533312.0,75.69,206467605.0,"SGF.KA,0P0001MAZY,173607",2026-06-01T09:01:36.650326+00:00
SGFL,SGFL.KA,,,,0.0,,,0.0,,,,,,2026-06-01T09:01:36.650326+00:00
SGPL,SGPL.KA,,,,0.0,,,0.0,,147179280.0,8.23,17883267.0,S.G. Power Limited,2026-06-01T09:01:36.650326+00:00
SHCI,SHCI.KA,,,,0.0,,,0.0,,,6.49,,"SHCI.KA,0P0000BOFM,0",2026-06-01T09:01:36.650326+00:00
SHCM,SHCM.KA,,,,0.0,,,0.0,,829102208.0,47.01,17636719.0,"SHCM.KA,0P0000B9MO,161",2026-06-01T09:01:36.650326+00:00
SHDT,SHDT.KA,,,,0.0,,,0.0,,235166288.0,14.1,16678460.0,"SHDT.KA,0P0000AOCB,700",2026-06-01T09:01:36.650326+00:00
SHEL,SHEL.KA,0.0,116531683000.0,9847773000.0,0.0,9336963000.0,468921450000.0,1737409000.0,3544645000.0,31478796288.0,147.08,214024992.0,Wafi Energy Pakistan Limited,2026-06-01T09:01:36.650326+00:00
SHEZ,SHEZ.KA,,,,0.0,,,0.0,,869288960.0,89.96,9663060.0,Shezan International Limited,2026-06-01T09:01:36.650326+00:00
SHFA,SHFA.KA,579756000.0,21313427000.0,1346189000.0,0.0,2157203000.0,23553578000.0,102451000.0,1370496000.0,9033967616.0,142.91,63214383.0,Shifa International Hospitals Limited,2026-06-01T09:01:36.650326+00:00
SHJS,SHJS.KA,,,,0.0,,,0.0,,1171682560.0,97.55,12011096.0,"SHJS.KA,0P0000BV8G,201",2026-06-01T09:01:36.650326+00:00
SHNI,SHNI.KA,,,,0.0,,,0.0,,442308704.0,4.22,104812500.0,"SHNI.KA,0P0000BTMZ,11165",2026-06-01T09:01:36.650326+00:00
SHSML,SHSML.KA,,,,0.0,,,0.0,,8824222720.0,417.84,21118663.0,"SHSML.KA,0P0000ASPG,2245",2026-06-01T09:01:36.650326+00:00
SIBL,SIBL.KA,,911550493.0,,0.0,31119383.0,117255294.0,50932713.0,20010101.0,292194048.0,4.94,59148592.0,"SIBL.KA,0P0000C2ZL,1321",2026-06-01T09:01:36.650326+00:00
SICL,SICL.KA,,,,0.0,,,0.0,,,,,,2026-06-01T09:01:36.650326+00:00
SIEM,SIEM.KA,,,,0.0,,,0.0,,3884436992.0,471.01,8247037.0,Siemens (Pakistan) Engineering Co. Ltd.,2026-06-01T09:01:36.650326+00:00
SILK,SILK.KA,,,,0.0,,,0.0,,9081860096.0,1.0,9081860096.0,Silkbank Limited,2026-06-01T09:01:36.650326+00:00
SINDM,SINDM.KA,,,,0.0,,,0.0,,477000032.0,10.6,45000000.0,"SINDM.KA,0P000159JI,0",2026-06-01T09:01:36.650326+00:00
SING,SING.KA,,,,0.0,,,0.0,,,,,,2026-06-01T09:01:36.650326+00:00
SITC,SITC.KA,,,,0.0,,,0.0,,6434179584.0,300.25,21429407.0,Sitara Chemical Industries Limited,2026-06-01T09:01:36.650326+00:00
SJTM,SJTM.KA,,,,0.0,,,0.0,,,,,,2026-06-01T09:01:36.650326+00:00
SKRS,SKRS.KA,,,,0.0,,,0.0,,386374560.0,8.66,44616000.0,"SKRS.KA,0P0000AFQN,4373",2026-06-01T09:01:36.650326+00:00
SLCL,SLCL.KA,,,,0.0,,,0.0,,,1.0,,"SLCL.KA,0P0000BTT2,0",2026-06-01T09:01:36.650326+00:00
SLGL,SLGL.KA,,,,0.0,,,0.0,,,,,,2026-06-01T09:01:36.650326+00:00
SLL,SLL.KA,0.0,283822889.0,0.0,0.0,4749544.0,11402096.0,12914.0,-69349604.0,75200000.0,2.35,32000000.0,"SLL.KA,0P0001BLED,1001",2026-06-01T09:01:36.650326+00:00
SLSO,SLSO.KA,,,,0.0,,,0.0,,,,,,2026-06-01T09:01:36.650326+00:00
SLSOPP,SLSOPP.KA,,,,0.0,,,0.0,,,,,,2026-06-01T09:01:36.650326+00:00
SLSOPVI,SLSOPVI.KA,,,,0.0,,,0.0,,,,,,2026-06-01T09:01:36.650326+00:00
SLYT,SLYT.KA,,,,0.0,,,0.0,,57739500.0,6.58,8775000.0,"SLYT.KA,0P0000CM4J,711",2026-06-01T09:01:36.650326+00:00
SMBL,SMBL.KA,,,,0.0,,,0.0,,,,,,2026-06-01T09:01:36.650326+00:00
SMBLCPSA,SMBLCPSA.KA,,,,0.0,,,0.0,,,,,,2026-06-01T09:01:36.650326+00:00
SMBLCPSB,SMBLCPSB.KA,,,,0.0,,,0.0,,,,,,2026-06-01T09:01:36.650326+00:00
SMCPL,SMCPL.KA,,,,0.0,,,0.0,,765749952.0,30.63,25000000.0,"SMCPL.KA,0P0000RUH8,1271582",2026-06-01T09:01:36.650326+00:00
SML,SML.KA,557000.0,26405581000.0,62605000.0,0.0,24453000.0,13997780000.0,7799000.0,-2646333000.0,4982499840.0,39.86,125000000.0,"SML.KA,0P0000CI5L,1",2026-06-01T09:01:36.650326+00:00
SMLR1,SMLR1.KA,,,,0.0,,,0.0,,,,,,2026-06-01T09:01:36.650326+00:00
SMTM,SMTM.KA,,,,0.0,,,0.0,,,,,,2026-06-01T09:01:36.650326+00:00
SNAI,SNAI.KA,,,,0.0,,,0.0,,459195008.0,23.0,19965000.0,"SNAI.KA,0P0000BXFP,2001",2026-06-01T09:01:36.650326+00:00
SNBL,SNBL.KA,53011349000.0,852476620000.0,,0.0,69872980000.0,34840406000.0,84375456000.0,4557734000.0,14629691392.0,13.27,1102463481.0,Soneri Bank Limited,2026-06-01T09:01:36.650326+00:00
SNGP,SNGP.KA,15236936000.0,1681646028000.0,181166336000.0,0.0,15925090000.0,1408551237000.0,18166137000.0,14591947000.0,45644570624.0,71.97,634216665.0,Sui Northern Gas Pipelines Limited,2026-06-01T09:01:36.650326+00:00
SPAC1,SPAC1.KA,,,,0.0,,,0.0,,,,,,2026-06-01T09:01:36.650326+00:00
SPCL,SPCL.KA,,,,0.0,,,0.0,,,,,,2026-06-01T09:01:36.650326+00:00
SPEL,SPEL.KA,,,,0.0,,,0.0,,6449476096.0,32.29,199736016.0,SPEL Limited,2026-06-01T09:01:36.650326+00:00
SPL,SPL.KA,,,,0.0,,,0.0,,692606976.0,12.57,55100000.0,"SPL.KA,0P0000BZ1V,2106",2026-06-01T09:01:36.650326+00:00
SPLC,SPLC.KA,,,,0.0,,,0.0,,,0.9,,"SPLC.KA,0P0000C1IJ,0",2026-06-01T09:01:36.650326+00:00
SPLCTFC3,SPLCTFC3.KA,,,,0.0,,,0.0,,,,,,2026-06-01T09:01:36.650326+00:00
SPSL,SPSL.KA,,,,0.0,,,0.0,,,,,,2026-06-01T09:01:36.650326+00:00
SPWL,SPWL.KA,643819937.0,17138812313.0,2496462527.0,0.0,11459474.0,9188771272.0,596418105.0,-38447596.0,7215428096.0,18.67,386471779.0,Saif Power Limited,2026-06-01T09:01:36.650326+00:00
SRR,SRR.KA,,,,0.0,,,0.0,,,,,,2026-06-01T09:01:36.650326+00:00
SRSM,SRSM.KA,,,,0.0,,,0.0,,,,,,2026-06-01T09:01:36.650326+00:00
SRVI,SRVI.KA,12352993000.0,136807603000.0,16969393000.0,0.0,8480692000.0,148449359000.0,297554000.0,8756308000.0,45344772096.0,965.04,46987454.0,"SRVI.KA,0P0000AWRR,1074",2026-06-01T09:01:36.650326+00:00
SSGC,SSGC.KA,11049039000.0,1121891828000.0,130982705000.0,0.0,2925655000.0,446444137000.0,517502000.0,3441252000.0,8069193216.0,9.16,880916309.0,Sui Southern Gas Company Limited,2026-06-01T09:01:36.650326+00:00
SSIC,SSIC.KA,,,,0.0,,,0.0,,,6.34,,"SSIC.KA,0P0000BVG2,0",2026-06-01T09:01:36.650326+00:00
SSML,SSML.KA,,,,0.0,,,0.0,,182027712.0,6.1,29840607.0,"SSML.KA,0P0000AMMI,3200",2026-06-01T09:01:36.650326+00:00
SSOM,SSOM.KA,,,,0.0,,,0.0,,404575616.0,71.5,5658400.0,S.S. Oil Mills Limited,2026-06-01T09:01:36.650326+00:00
STCL,STCL.KA,,,,0.0,,,0.0,,3460574208.0,14.46,239320475.0,Shabbir Tiles and Ceramics Limited,2026-06-01T09:01:36.650326+00:00
STJT,STJT.KA,,,,0.0,,,0.0,,763139968.0,79.0,9660000.0,"STJT.KA,0P0000BE04,0",2026-06-01T09:01:36.650326+00:00
STL,STL.KA,,,,0.0,,,0.0,,,,,,2026-06-01T09:01:36.650326+00:00
STML,STML.KA,,,,0.0,,,0.0,,211680000.0,24.5,8640000.0,"STML.KA,0P0000AM0X,0",2026-06-01T09:01:36.650326+00:00
STPL,STPL.KA,,,,0.0,,,0.0,,1261033216.0,5.5,229278770.0,"STPL.KA,0P0000CDFM,180513",2026-06-01T09:01:36.650326+00:00
STYLERS,STYLERS.KA,,,,0.0,,,0.0,,22251440128.0,45.52,488827773.0,"STYLERS.KA,0P0001S9Y4,1",2026-06-01T09:01:36.650326+00:00
SUCM,SUCM.KA,,,,0.0,,,0.0,,,,,,2026-06-01T09:01:36.650326+00:00
SUHJ,SUHJ.KA,,,,0.0,,,0.0,,113129904.0,26.11,4332819.0,"SUHJ.KA,0P0000C4FL,0",2026-06-01T09:01:36.650326+00:00
SURAJ,SURAJ.KA,,,,0.0,,,0.0,,,,,,2026-06-01T09:01:36.650326+00:00
SURC,SURC.KA,,,,0.0,,,0.0,,6348165632.0,130.06,48809515.0,Suraj Cotton Mills Limited,2026-06-01T09:01:36.650326+00:00
SUTM,SUTM.KA,,,,0.0,,,0.0,,1757843968.0,84.92,20700000.0,"SUTM.KA,0P0000B17A,0",2026-06-01T09:01:36.650326+00:00
SWL,SWL.KA,,,,0.0,,,0.0,,,,,,2026-06-01T09:01:36.650326+00:00
SYM,SYM.KA,,,,0.0,,,0.0,,1377735936.0,4.83,285245524.0,"SYM.KA,0P0001RK6Z,643532",2026-06-01T09:01:36.650326+00:00
SYS,SYS.KA,0.0,75488572268.0,18610256407.0,0.0,13452051300.0,80391884594.0,119204128.0,11041077961.0,664785321984.0,451.19,1473404435.0,Systems Limited,2026-06-01T09:01:36.650326+00:00
SZTM,SZTM.KA,,,,0.0,,,0.0,,637983680.0,35.5,17971372.0,"SZTM.KA,0P0000AUD0,0",2026-06-01T09:01:36.650326+00:00
TAJT,TAJT.KA,,,,0.0,,,0.0,,,0.41,,"TAJT.KA,0P0000ASH2,0",2026-06-01T09:01:36.650326+00:00
TATM,TATM.KA,,,,0.0,,,0.0,,3508559872.0,62.66,55993614.0,"TATM.KA,0P0000CGO8,0",2026-06-01T09:01:36.650326+00:00
TBL,TBL.KA,,,,0.0,,,0.0,,,,,,2026-06-01T09:01:36.650326+00:00
TCLTC,TCLTC.KA,,,,0.0,,,0.0,,,,,,2026-06-01T09:01:36.650326+00:00
TCORP,TCORP.KA,,,,0.0,,,0.0,,793150848.0,11.98,66206250.0,"TCORP.KA,0P0000B6SU,4120",2026-06-01T09:01:36.650326+00:00
TCORPCPS,TCORPCPS.KA,,,,0.0,,,0.0,,,,,,2026-06-01T09:01:36.650326+00:00
TCORPR1,TCORPR1.KA,,,,0.0,,,0.0,,,,,,2026-06-01T09:01:36.650326+00:00
TDIL,TDIL.KA,,,,0.0,,,0.0,,,,,,2026-06-01T09:01:36.650326+00:00
TELE,TELE.KA,,,,0.0,,,0.0,,2444872448.0,7.22,338625000.0,"TELE.KA,0P0000CIFD,1034603",2026-06-01T09:01:36.650326+00:00
TGL,TGL.KA,,,,0.0,,,0.0,,19955898368.0,115.91,172167187.0,Tariq Glass Industries Limited,2026-06-01T09:01:36.650326+00:00
THALL,THALL.KA,3922134000.0,71981740000.0,5324021000.0,0.0,2227608000.0,29405904000.0,680807000.0,8512687000.0,36925333504.0,455.7,81029909.0,Thal Limited,2026-06-01T09:01:36.650326+00:00
THAS,THAS.KA,,,,0.0,,,0.0,,,,,,2026-06-01T09:01:36.650326+00:00
THCCL,THCCL.KA,,,,0.0,,,0.0,,19912994816.0,47.01,423590625.0,Thatta Cement Company Limited,2026-06-01T09:01:36.650326+00:00
TICL,TICL.KA,,,,0.0,,,0.0,,4113811456.0,273.83,15023232.0,"TICL.KA,0P0000AVIY,125",2026-06-01T09:01:36.650326+00:00
TOMCL,TOMCL.KA,,,,0.0,,,0.0,,7266555392.0,37.01,196340334.0,"TOMCL.KA,0P0001KGYP,3198500",2026-06-01T09:01:36.650326+00:00
TOWL,TOWL.KA,,,,0.0,,,0.0,,2362830080.0,138.99,17000000.0,Towellers Limited,2026-06-01T09:01:36.650326+00:00
TPL,TPL.KA,,,,0.0,,,0.0,,1069191040.0,4.0,267297763.0,"TPL.KA,0P0000WIEV,441446",2026-06-01T09:01:36.650326+00:00
TPLI,TPLI.KA,,,,0.0,,,0.0,,2132740480.0,10.75,198394462.0,"TPLI.KA,0P0000U9LD,2504",2026-06-01T09:01:36.650326+00:00
TPLL,TPLL.KA,,,,0.0,,,0.0,,,,,,2026-06-01T09:01:36.650326+00:00
TPLP,TPLP.KA,,,,0.0,,,0.0,,4499916800.0,8.02,561086879.0,"TPLP.KA,0P00018B2N,3733888",2026-06-01T09:01:36.650326+00:00
TPLT,TPLT.KA,,,,0.0,,,0.0,,1091743744.0,5.83,187263093.0,"TPLT.KA,0P0001KIMG,8652",2026-06-01T09:01:36.650326+00:00
TREET,TREET.KA,,,,0.0,,,0.0,,5669320192.0,15.28,371028814.0,"TREET.KA,0P0000BYHT,1265799",2026-06-01T09:01:36.650326+00:00
TREI,TREI.KA,,,,0.0,,,0.0,,,,,,2026-06-01T09:01:36.650326+00:00
TRG,TRG.KA,,40582030000.0,,0.0,31654000.0,2562000.0,154443000.0,-30848100000.0,29729243136.0,54.51,545390665.0,"TRG.KA,0P0000C905,1531148",2026-06-01T09:01:36.650326+00:00
TRIBL,TRIBL.KA,,,,0.0,,,0.0,,,0.97,,"TRIBL.KA,0P0000AHNW,0",2026-06-01T09:01:36.650326+00:00
TRIPF,TRIPF.KA,,,,0.0,,,0.0,,4462000128.0,115.0,38800000.0,Tri-Pack Films Limited,2026-06-01T09:01:36.650326+00:00
TRPOL,TRPOL.KA,,,,0.0,,,0.0,,,,,,2026-06-01T09:01:36.650326+00:00
TRSM,TRSM.KA,,,,0.0,,,0.0,,74500000.0,2.5,29800000.0,"TRSM.KA,0P0000BRIJ,2",2026-06-01T09:01:36.650326+00:00
TSBL,TSBL.KA,,,,0.0,,,0.0,,7177499648.0,9.57,750000000.0,"TSBL.KA,0P0000AXOZ,0",2026-06-01T09:01:36.650326+00:00
TSML,TSML.KA,90000000.0,40356301823.0,30574673.0,0.0,113829265.0,40480075526.0,5669574.0,709715543.0,10946685952.0,93.0,117706300.0,"TSML.KA,0P0000CABE,0",2026-06-01T09:01:36.650326+00:00
TSPL,TSPL.KA,,,,0.0,,,0.0,,119850000.0,7.99,15000000.0,"TSPL.KA,0P0000AX0W,60796",2026-06-01T09:01:36.650326+00:00
UBDL,UBDL.KA,,,,0.0,,,0.0,,1101600000.0,12.0,91800000.0,"UBDL.KA,0P0000B642,23",2026-06-01T09:01:36.650326+00:00
UBL,UBL.KA,134632998000.0,12628514664000.0,,0.0,605988376000.0,412548639000.0,1184861499000.0,129999883000.0,650077667328.0,259.59,2504247750.0,United Bank Limited,2026-06-01T09:01:36.650326+00:00
UBLGSFO,UBLGSFO.KA,,,,0.0,,,0.0,,,,,,2026-06-01T09:01:36.650326+00:00
UCAPM,UCAPM.KA,,,,0.0,,,0.0,,58154400.0,2.46,23640000.0,"UCAPM.KA,0P0000WGXE,55057",2026-06-01T09:01:36.650326+00:00
UDLI,UDLI.KA,,,,0.0,,,0.0,,,,35120548.0,UDL International Limited,2026-06-01T09:01:36.650326+00:00
UDPL,UDPL.KA,,,,0.0,,,0.0,,1393209728.0,39.5,35271133.0,"UDPL.KA,0P0000EP4W,4033",2026-06-01T09:01:36.650326+00:00
UNIC,UNIC.KA,,,,0.0,,,0.0,,6341363712.0,12.7,499320000.0,The United Insurance Company of Pakistan Limited,2026-06-01T09:01:36.650326+00:00
UNITY,UNITY.KA,518243000.0,85855983000.0,25581861000.0,0.0,5272354000.0,78024834000.0,598350000.0,-3517122000.0,38126018560.0,31.93,1194050000.0,"UNITY.KA,0P0000AFQU,2002306",2026-06-01T09:01:36.650326+00:00
UNITYR1,UNITYR1.KA,,,,0.0,,,0.0,,,,,,2026-06-01T09:01:36.650326+00:00
UPFL,UPFL.KA,434599000.0,18570346000.0,1026828000.0,0.0,912014000.0,40572673000.0,270919000.0,5946360000.0,116315283456.0,18260.0,6369950.0,"UPFL.KA,0P0000BRKP,115",2026-06-01T09:01:36.650326+00:00
USMT,USMT.KA,,,,0.0,,,0.0,,,3.49,,Usman Textile Mills Ltd,2026-06-01T09:01:36.650326+00:00
UVIC,UVIC.KA,,,,0.0,,,0.0,,393500000.0,7.87,50000000.0,"UVIC.KA,0P0000C85B,5000",2026-06-01T09:01:36.650326+00:00
WAFI,WAFI.KA,,,,0.0,,,0.0,,,,,,2026-06-01T09:01:36.650326+00:00
WAHDAT,WAHDAT.KA,,,,0.0,,,0.0,,,,,,2026-06-01T09:01:36.650326+00:00
WAHN,WAHN.KA,,,,0.0,,,0.0,,1908269952.0,212.03,9000000.0,Wah Nobel Chemicals Limited,2026-06-01T09:01:36.650326+00:00
WASL,WASL.KA,,,,0.0,,,0.0,,,,,,2026-06-01T09:01:36.650326+00:00
WAVES,WAVES.KA,,,,0.0,,,0.0,,1916375424.0,6.81,281406089.0,"WAVES.KA,0P0000BP9P,1378316",2026-06-01T09:01:36.650326+00:00
WAVESAPP,WAVESAPP.KA,,,,0.0,,,0.0,,2437756416.0,9.1,267885307.0,"WAVESAPP.KA,0P0000BKHQ,7046999",2026-06-01T09:01:36.650326+00:00
WAVESR1,WAVESR1.KA,,,,0.0,,,0.0,,,,,,2026-06-01T09:01:36.650326+00:00
WHALE,WHALE.KA,,,,0.0,,,0.0,,,,,,2026-06-01T09:01:36.650326+00:00
WTL,WTL.KA,,,,0.0,,,0.0,,5829278208.0,1.17,4982289186.0,"WTL.KA,0P0000APP4,19515808",2026-06-01T09:01:36.650326+00:00
WYETH,WYETH.KA,,,,0.0,,,0.0,,,,,,2026-06-01T09:01:36.650326+00:00
YOUW,YOUW.KA,,,,0.0,,,0.0,,393040000.0,2.89,136000000.0,"YOUW.KA,0P0000BX48,136767",2026-06-01T09:01:36.650326+00:00
ZAHID,ZAHID.KA,,,,0.0,,,0.0,,6125475328.0,32.0,191421099.0,"ZAHID.KA,0P0000AVIZ,0",2026-06-01T09:01:36.650326+00:00
ZAL,ZAL.KA,,,,0.0,,,0.0,,,,,,2026-06-01T09:01:36.650326+00:00
ZELP,ZELP.KA,,,,0.0,,,0.0,,,0.41,,"ZELP.KA,0P0000BHH8,0",2026-06-01T09:01:36.650326+00:00
ZHCM,ZHCM.KA,,,,0.0,,,0.0,,,0.06,,"ZHCM.KA,0P0000C5UD,0",2026-06-01T09:01:36.650326+00:00
ZIL,ZIL.KA,,,,0.0,,,0.0,,1365400960.0,223.01,6122600.0,"ZIL.KA,0P0000AOF9,19",2026-06-01T09:01:36.650326+00:00
ZTL,ZTL.KA,,,,0.0,,,0.0,,683430400.0,11.5,59428729.0,"ZTL.KA,0P0000AR1D,0",2026-06-01T09:01:36.650326+00:00
ZUMA,ZUMA.KA,,,,0.0,,,0.0,,,,,,2026-06-01T09:01:36.650326+00:00
