ticker,yahoo_ticker,sector,is_haram_sector,total_debt,total_assets,interest_income,total_revenue,accounts_receivable,cash_and_equivalents,market_cap,current_price,company_name,non_compliant_investments,business_screen,debt_ratio,debt_screen,interest_ratio,interest_screen,securities_ratio,securities_screen,receivables_ratio,receivables_screen,overall_status,purification_ratio,shariah_score
OGDC,OGDC.KA,Oil & Gas,False,,1604254140000.0,64027775000.0,463697861000.0,635016335000.0,141028920000.0,567163420672.0,131.87,OGDC,141028920000.0,PASS,,FAIL,0.13808080732121383,FAIL,0.08790933835458264,PASS,0.39583275440386273,PASS,DOUBTFUL,,39
PPL,PPL.KA,Oil & Gas,False,1266285000.0,913040581000.0,13662141000.0,291240687000.0,577957975000.0,7207749000.0,314598916096.0,115.62,PPL,7207749000.0,PASS,0.0013868879722882766,PASS,0.04691013862359142,PASS,0.00789422633559811,PASS,0.6330036003076626,FAIL,DOUBTFUL,,61
POL,POL.KA,Oil & Gas,False,,180990063000.0,13616947000.0,66741472000.0,19601334000.0,68959261000.0,155373764608.0,547.37,POL,68959261000.0,PASS,,FAIL,0.20402527232243245,FAIL,0.38101130999661564,FAIL,0.1083006087466802,PASS,HARAM,,36
MARI,MARI.KA,Oil & Gas,False,10099995000.0,425458133000.0,5608222000.0,177097104000.0,86581711000.0,45155755000.0,3229734404096.0,2690.05,MARI,45155755000.0,PASS,0.023739104312762074,PASS,0.03166749694563046,PASS,0.10613442662759016,PASS,0.20350230559583637,PASS,HALAL,0.03166749694563046,71
PSO,PSO.KA,Oil & Gas,False,440367971000.0,1063519173000.0,11090694000.0,3742081969000.0,492939166000.0,18632516000.0,73953378304.0,162.46,PSO,18632516000.0,PASS,0.4140667908767452,FAIL,0.0029637763394487525,PASS,0.01751968039037882,PASS,0.4634981470146002,PASS,DOUBTFUL,,59
ATRL,ATRL.KA,Oil & Gas,False,382349000.0,229840986000.0,14773977000.0,383071910000.0,37036362000.0,32370491000.0,37006499840.0,347.1,ATRL,32370491000.0,PASS,0.0016635370681885259,PASS,0.038567111329045244,PASS,0.14083863615169143,PASS,0.16113906681552437,PASS,HALAL,0.038567111329045244,69
NRL,NRL.KA,Oil & Gas,False,60883385000.0,149495621000.0,352479000.0,307662853000.0,17759495000.0,679940000.0,19525435392.0,244.17,NRL,679940000.0,PASS,0.40725865140892653,FAIL,0.0011456664220688352,PASS,0.004548226867461222,PASS,0.11879608834830019,PASS,DOUBTFUL,,74
SHEL,SHEL.KA,Oil & Gas,False,11080340000.0,116531683000.0,1737409000.0,468921450000.0,9847773000.0,9336963000.0,31478796288.0,147.08,SHEL,9336963000.0,PASS,0.09508435572839019,PASS,0.0037051173496115393,PASS,0.08012381491134904,PASS,0.08450725799609364,PASS,HALAL,0.0037051173496115393,84
HUBC,HUBC.KA,Energy,False,84298688000.0,414722187000.0,2360666000.0,83351492000.0,28966134000.0,31247676000.0,198853771264.0,153.3,HUBC,31247676000.0,PASS,0.20326544043808295,PASS,0.028321820562012254,PASS,0.07534604363957022,PASS,0.0698446692942425,PASS,HALAL,0.028321820562012254,69
KAPCO,KAPCO.KA,Energy,False,9944193000.0,81551254000.0,6441451000.0,0.0,10866072000.0,2784292000.0,28555413504.0,32.44,KAPCO,2784292000.0,PASS,0.12193795327782452,PASS,,FAIL,0.0341416209246764,PASS,0.13324224297029202,PASS,DOUBTFUL,,65
NCPL,NCPL.KA,Energy,False,123281000.0,31986689000.0,245059000.0,15215087000.0,13170211000.0,1716254000.0,10182856704.0,27.72,NCPL,1716254000.0,PASS,0.003854134449489286,PASS,0.01610631605327002,PASS,0.053655256409939775,PASS,0.41174036487490157,PASS,HALAL,0.01610631605327002,73
KEL,KEL.KA,Energy,False,309822024000.0,1024565025000.0,5021883000.0,519732325000.0,104452241000.0,7121309000.0,123992219648.0,4.49,KEL,7121309000.0,PASS,0.3023937148352297,PASS,0.009662441142178332,PASS,0.006950568120359174,PASS,0.10194788856861477,PASS,HALAL,0.009662441142178332,73
PKGP,PKGP.KA,Energy,False,0.0,15682322000.0,30631000.0,925405000.0,0.0,26420000.0,31154393088.0,83.73,PKGP,26420000.0,PASS,0.0,PASS,0.03310010211745128,PASS,0.0016846994979442457,PASS,0.0,PASS,HALAL,0.03310010211745128,87
LUCK,LUCK.KA,Cement,False,185984066000.0,729361628000.0,2167895000.0,458314671000.0,61738176000.0,61685366000.0,1329707220992.0,907.65,LUCK,61685366000.0,PASS,0.2549956823338669,PASS,0.004730145328470186,PASS,0.08457446022921293,PASS,0.08464686601253446,PASS,HALAL,0.004730145328470186,74
DGKC,DGKC.KA,Cement,False,37991933000.0,147831935000.0,72644000.0,71888079000.0,956035000.0,972747000.0,38554480640.0,88.0,DGKC,972747000.0,PASS,0.2569940858854347,PASS,0.0010105152482931142,PASS,0.006580087042762445,PASS,0.006467039750240704,PASS,HALAL,0.0010105152482931142,83
MLCF,MLCF.KA,Cement,False,14630514000.0,118731599000.0,258809000.0,68653999000.0,4610182000.0,1861551000.0,38529351680.0,36.78,MLCF,1861551000.0,PASS,0.12322342260378386,PASS,0.0037697585540501437,PASS,0.015678648444716052,PASS,0.03882860197983184,PASS,HALAL,0.0037697585540501437,88
CHCC,CHCC.KA,Cement,False,5478569000.0,50553551000.0,45044000.0,37810806000.0,1257631000.0,672667000.0,32433670144.0,166.93,CHCC,672667000.0,PASS,0.10837159589442094,PASS,0.00119129965121611,PASS,0.013306028690249673,PASS,0.024877203977224073,PASS,HALAL,0.00119129965121611,91
PIOC,PIOC.KA,Cement,False,10503027000.0,85077942000.0,29713000.0,35519271000.0,1864186000.0,414631000.0,39889600512.0,175.61,PIOC,414631000.0,PASS,0.12345182256524259,PASS,0.0008365318083245571,PASS,0.004873542897875926,PASS,0.02191150792058416,PASS,HALAL,0.0008365318083245571,91
FCCL,FCCL.KA,Cement,False,40221656000.0,160845191000.0,400750000.0,88956328000.0,6911322000.0,2665338000.0,53987164160.0,22.01,FCCL,2665338000.0,PASS,0.2500643988790439,PASS,0.004505019586689775,PASS,0.016570828033024624,PASS,0.042968782324365545,PASS,HALAL,0.004505019586689775,80
KOHC,KOHC.KA,Cement,False,2290041941.0,66794311768.0,217415302.0,37535700372.0,1692217832.0,1450702723.0,244268924928.0,265.71,KOHC,1450702723.0,PASS,0.034284984460265365,PASS,0.0057922271289809835,PASS,0.02171895606977429,PASS,0.025334759610633674,PASS,HALAL,0.0057922271289809835,93
NML,NML.KA,Textiles,False,82820288000.0,273706356000.0,651404000.0,212511599000.0,38376196000.0,11180968000.0,23370842112.0,66.47,NML,11180968000.0,PASS,0.3025881065034529,PASS,0.0030652632753471495,PASS,0.04085023147946188,PASS,0.14020937095081562,PASS,HALAL,0.0030652632753471495,72
GATM,GATM.KA,Textiles,False,64057863000.0,148939881000.0,119674000.0,172479728000.0,20719045000.0,1081768000.0,14667977728.0,19.82,GATM,1081768000.0,PASS,0.43009207856155063,FAIL,0.0006938438585663818,PASS,0.007263118465899674,PASS,0.13911012188871025,PASS,DOUBTFUL,,74
NCL,NCL.KA,Textiles,False,39813651127.0,68697569055.0,156778380.0,89045617565.0,11126892226.0,81851548.0,6483213824.0,27.0,NCL,81851548.0,PASS,0.5795496358120732,FAIL,0.001760652396908333,PASS,0.0011914766290269862,PASS,0.16196922800997066,PASS,DOUBTFUL,,73
CLOV,CLOV.KA,Textiles,False,,,,,,,16754966528.0,43.04,CLOV,0.0,PASS,,FAIL,,FAIL,,FAIL,,FAIL,HARAM,,20
ILP,ILP.KA,Textiles,False,91345660000.0,180827574000.0,0.0,179405283000.0,49388925000.0,1088334000.0,107749408768.0,76.87,ILP,1088334000.0,PASS,0.5051533788757239,FAIL,0.0,PASS,0.006018628552744948,PASS,0.273127178048631,PASS,DOUBTFUL,,68
KTML,KTML.KA,Textiles,False,33278654000.0,150740001000.0,323230000.0,124612974000.0,10687943000.0,1613850000.0,105323020288.0,78.22,KTML,1613850000.0,PASS,0.22076856693134825,PASS,0.0025938711646509615,PASS,0.010706182760341099,PASS,0.07090316391864691,PASS,HALAL,0.0025938711646509615,82
ENGRO,ENGRO.KA,Fertilizer,False,,,,,,,178283249664.0,332.23,ENGRO,0.0,PASS,,FAIL,,FAIL,,FAIL,,FAIL,HARAM,,20
FFC,FFC.KA,Fertilizer,False,84966506000.0,613298162000.0,2506745000.0,483807560000.0,33901558000.0,13965276000.0,235352260608.0,163.55,FFC,13965276000.0,PASS,0.1385402912718985,PASS,0.00518128530277617,PASS,0.02277077751946695,PASS,0.05527744920911731,PASS,HALAL,0.00518128530277617,86
EFERT,EFERT.KA,Fertilizer,False,66930268000.0,199166075000.0,802361000.0,237130786000.0,16845896000.0,8042747000.0,226707111936.0,169.78,EFERT,8042747000.0,PASS,0.33605255312683147,FAIL,0.003383622234525044,PASS,0.04038211326903942,PASS,0.08458215587167645,PASS,DOUBTFUL,,73
FATIMA,FATIMA.KA,Fertilizer,False,73383026000.0,360894550000.0,71779000.0,276176566000.0,32269779000.0,2987501000.0,111216001024.0,52.96,FATIMA,2987501000.0,PASS,0.20333647598723784,PASS,0.0002599025726172582,PASS,0.008278044099031144,PASS,0.08941608843912993,PASS,HALAL,0.0002599025726172582,83
FFBL,FFBL.KA,Fertilizer,False,,,,,,,54490750976.0,42.2,FFBL,0.0,PASS,,FAIL,,FAIL,,FAIL,,FAIL,HARAM,,20
NESTLE,NESTLE.KA,Food,False,3233969000.0,93893396000.0,500942000.0,199069166000.0,3177030000.0,3908396000.0,317673832448.0,7005.0,NESTLE,3908396000.0,PASS,0.03444298681027577,PASS,0.002516421855105376,PASS,0.04162588815085568,PASS,0.03383656503381771,PASS,HALAL,0.002516421855105376,93
UNITY,UNITY.KA,Food,False,41411703000.0,85855983000.0,598350000.0,78024834000.0,25581861000.0,5272354000.0,38126018560.0,31.93,UNITY,5272354000.0,PASS,0.4823391632473651,FAIL,0.007668712246154859,PASS,0.061409278838493994,PASS,0.29796247280751537,PASS,DOUBTFUL,,61
QUICE,QUICE.KA,Food,False,,,,,,,444062848.0,4.51,QUICE,0.0,PASS,,FAIL,,FAIL,,FAIL,,FAIL,HARAM,,20
TREET,TREET.KA,Food,False,,,,,,,5669320192.0,15.28,TREET,0.0,PASS,,FAIL,,FAIL,,FAIL,,FAIL,HARAM,,20
FCEPL,FCEPL.KA,Food,False,3321046000.0,37510638000.0,134414000.0,104452438000.0,1557223000.0,1205438000.0,49108144128.0,64.06,FCEPL,1205438000.0,PASS,0.08853611074277115,PASS,0.001286844065812997,PASS,0.032135897022066116,PASS,0.04151416992694179,PASS,HALAL,0.001286844065812997,90
SEARL,SEARL.KA,Pharma,False,13244521000.0,63560769000.0,23639000.0,29400675000.0,12471522000.0,302839000.0,32693188608.0,55.58,SEARL,302839000.0,PASS,0.20837571993504359,PASS,0.0008040291591944743,PASS,0.004764558465301136,PASS,0.19621414586724084,PASS,HALAL,0.0008040291591944743,79
GLAXO,GLAXO.KA,Pharma,False,368113000.0,50683502000.0,518139000.0,65900901000.0,2812639000.0,8590696000.0,43636387840.0,137.02,GLAXO,8590696000.0,PASS,0.007262974843372109,PASS,0.007862396297131051,PASS,0.16949689072392826,PASS,0.05549417244293814,PASS,HALAL,0.007862396297131051,84
HINOON,HINOON.KA,Pharma,False,801702112.0,19436655050.0,55485042.0,27705637954.0,4400848568.0,584225906.0,37397778432.0,705.84,HINOON,584225906.0,PASS,0.041246917740611955,PASS,0.0020026624938982627,PASS,0.03005794487256695,PASS,0.22642005821881372,PASS,HALAL,0.0020026624938982627,86
FEROZ,FEROZ.KA,Pharma,False,4919712399.0,21749621603.0,12797078.0,15854750179.0,2416614379.0,551064343.0,10643397632.0,244.85,FEROZ,551064343.0,PASS,0.2261976088044404,PASS,0.0008071447266920698,PASS,0.0253367324295881,PASS,0.11111064013484576,PASS,HALAL,0.0008071447266920698,80
ABOT,ABOT.KA,Pharma,False,487978000.0,46816196000.0,546000000.0,75397732000.0,2978853000.0,13337551000.0,70338428928.0,718.47,ABOT,13337551000.0,PASS,0.010423273176658778,PASS,0.007241597134513277,PASS,0.28489181393550217,PASS,0.06362868525242846,PASS,HALAL,0.007241597134513277,77
TRG,TRG.KA,Tech,False,,40582030000.0,154443000.0,2562000.0,,31654000.0,29729243136.0,54.51,TRG,31654000.0,PASS,,FAIL,60.28220140515222,FAIL,0.0007800004090480441,PASS,,FAIL,HARAM,,40
NETSOL,NETSOL.KA,Tech,False,1596792000.0,13919353000.0,514589000.0,9579636000.0,5326984000.0,4669162000.0,12599262208.0,145.51,NETSOL,4669162000.0,PASS,0.11471740101713061,PASS,0.053716967951600664,FAIL,0.33544389599143004,FAIL,0.3827034201948898,PASS,DOUBTFUL,,37
SYSTEMS,SYSTEMS.KA,Tech,False,,,,,,,,,SYSTEMS,0.0,PASS,,FAIL,,FAIL,,FAIL,,FAIL,HARAM,,20
AVN,AVN.KA,Tech,False,455798000.0,28162524000.0,9751000.0,16156098000.0,8513544000.0,756748000.0,28630872064.0,67.78,AVN,756748000.0,PASS,0.016184557889768688,PASS,0.000603549198575052,PASS,0.026870744965898655,PASS,0.30230046142171063,PASS,HALAL,0.000603549198575052,85
AIRLINK,AIRLINK.KA,Tech,False,16418545915.0,40518217660.0,,129742418267.0,3527099204.0,2288039864.0,43839311872.0,110.91,AIRLINK,2288039864.0,PASS,0.4052139226056964,FAIL,,FAIL,0.05646941045629399,PASS,0.08704971264029683,PASS,DOUBTFUL,,53
ISL,ISL.KA,Steel,False,5443429000.0,50067519000.0,281682000.0,62310883000.0,1350948000.0,3436737000.0,36448649216.0,83.79,ISL,3436737000.0,PASS,0.10872176430391928,PASS,0.004520590728910068,PASS,0.06864204715236638,PASS,0.02698252334013195,PASS,HALAL,0.004520590728910068,86
ASTL,ASTL.KA,Steel,False,22129491000.0,46839908000.0,1825000.0,38775737000.0,2349962000.0,195444000.0,7152034816.0,24.08,ASTL,195444000.0,PASS,0.4724494975523863,FAIL,4.7065514189968846e-05,PASS,0.004172595727557791,PASS,0.05017008146130432,PASS,DOUBTFUL,,78
MUGHAL,MUGHAL.KA,Steel,False,35369085254.0,70184196879.0,127421927.0,91760862972.0,10805747538.0,3365879773.0,31652583424.0,85.85,MUGHAL,3365879773.0,PASS,0.503946569552937,FAIL,0.0013886304342939936,PASS,0.047957801366636625,PASS,0.1539626870224003,PASS,DOUBTFUL,,70
ASL,ASL.KA,Steel,False,19879250000.0,40597158000.0,269673000.0,42749652000.0,2119533000.0,217072000.0,6621713408.0,7.12,ASL,217072000.0,PASS,0.4896709764757425,FAIL,0.006308191701771046,PASS,0.005346975273490819,PASS,0.052208900928483716,PASS,DOUBTFUL,,75
INDU,INDU.KA,Auto,False,199912000.0,184774378000.0,627244000.0,215136582000.0,9913463000.0,5397774000.0,133097308160.0,1693.35,INDU,5397774000.0,PASS,0.001081924897617569,PASS,0.0029155617987832493,PASS,0.029212784036539957,PASS,0.053651718962896465,PASS,HALAL,0.0029155617987832493,95
PSMC,PSMC.KA,Auto,False,,,,,,,,,PSMC,0.0,PASS,,FAIL,,FAIL,,FAIL,,FAIL,HARAM,,20
HCAR,HCAR.KA,Auto,False,2635098000.0,49120650000.0,778295000.0,78065659000.0,7585110000.0,424263000.0,40992165888.0,287.06,HCAR,424263000.0,PASS,0.05364542203737125,PASS,0.009969748670154696,PASS,0.008637161763942455,PASS,0.15441794845955825,PASS,HALAL,0.009969748670154696,86
GHNI,GHNI.KA,Auto,False,1452234000.0,18057049000.0,120535000.0,14666195000.0,647175000.0,2322447000.0,14962522112.0,351.16,GHNI,2322447000.0,PASS,0.080424769296467,PASS,0.008218559755955788,PASS,0.12861719542323888,PASS,0.03584057394981871,PASS,HALAL,0.008218559755955788,83
SAZEW,SAZEW.KA,Auto,False,947661501.0,41736856678.0,2028587.0,108694499692.0,111137653.0,16596492181.0,67558039552.0,1117.66,SAZEW,16596492181.0,PASS,0.02270562702675987,PASS,1.8663198282785835e-05,PASS,0.39764595376796097,FAIL,0.002662817994594739,PASS,DOUBTFUL,,79
HBL,HBL.KA,Banking (Conventional),True,251471356000.0,7708144220000.0,681264637000.0,338112493000.0,,633732527000.0,207280914432.0,141.31,HBL,633732527000.0,FAIL,0.03262411143625437,PASS,2.014905249301155,FAIL,0.08221596650406211,PASS,,FAIL,HARAM,,33
MCB,MCB.KA,Banking (Conventional),True,31661733000.0,3578741706000.0,327508057000.0,198339260000.0,,253050143000.0,268866404352.0,226.88,MCB,253050143000.0,FAIL,0.008847169089324603,PASS,1.651251784442475,FAIL,0.07070925028641897,PASS,,FAIL,HARAM,,35
UBL,UBL.KA,Banking (Conventional),True,134632998000.0,12628514664000.0,1184861499000.0,412548639000.0,,605988376000.0,650077667328.0,259.59,UBL,605988376000.0,FAIL,0.01066103192513979,PASS,2.872052861141544,FAIL,0.047985720579434885,PASS,,FAIL,HARAM,,36
NBP,NBP.KA,Banking (Conventional),True,60271459000.0,7078396701000.0,781159921000.0,320826999000.0,,409471351000.0,101737676800.0,47.82,NBP,409471351000.0,FAIL,0.00851484616445489,PASS,2.4348322411606014,FAIL,0.05784803653942593,PASS,,FAIL,HARAM,,36
BAFL,BAFL.KA,Banking (Conventional),False,81124557000.0,3835085168000.0,356951918000.0,180583427000.0,,251692628000.0,205063012352.0,65.01,BAFL,251692628000.0,FAIL,0.021153260865470303,PASS,1.9766593420557912,FAIL,0.06562895397998629,PASS,,FAIL,HARAM,,35
